Workbook
Name Print_Area_MI: 'סה"כ טעינת מטענים - טבלה'!#REF!
Name Print_Area_MI: 'סה"כ מטענים - טבלה '!$B$3:$R$39
Name Print_Area_MI: 'סה"כ פריקת מטענים - טבלה '!#REF!
Name Print_Area_MI: 'סה"כ תנועת מטענים - טבלה'!#REF!

Sheet סה"כ מטענים - טבלה 
A1: Ministry Of Transport - Administration of Shipping & Ports | R1: משרד התחבורה - רשות הספנות והנמלים
A2: Economics and International Affairs Division | R2: אגף כלכלה וקשרי חוץ
A3: TABLE 1 : Total Traffic Cargo in Israeli Ports | R3: לוח 1 : תנועת סה"כ המטענים בנמלי ישראל
A4: Thousand tons | R4: אלפי טונות
A5: Loaded | E5: נטענו | F5: Unloaded | J5: נפרקו | L5: נפרקו ונטענו - סך הכל
L6: Loaded and unloaded - total
A7: מספנות | B7: אילת | C7: אשדוד | D7: חיפה | E7: כל הנמלים | F7: מספנות | G7: אילת | H7: אשדוד | I7: חיפה | J7: כל הנמלים | K7: מספנות | L7: אילת | M7: אשדוד | N7: חיפה | O7: כל הנמלים | Q7: חודשים | R7: שנה
A8: shipyards | B8: Eilat | C8: Ashdod | D8: Haifa | E8: All Ports | F8: shipyards | G8: Eilat | H8: Ashdod | I8: Haifa | J8: All Ports | K8: shipyards | L8: Eilat | M8: Ashdod | N8: Haifa | O8: All Ports | Q8: months | R8: Year
B9: 1432 | C9: 4557 | D9: 4890 | E9: 10879 | G9: 264 | H9: 11410 | I9: 8610 | J9: 20284 | L9: 1696 | M9: 15967 | N9: 13501 | O9: 31163 | R9: 1995
B10: 1138 | C10: 5036 | D10: 4507 | E10: 10680 | G10: 289 | H10: 10096 | I10: 8347 | J10: 18732 | L10: 1427 | M10: 15132 | N10: 12853 | O10: 29412 | R10: 1996
B11: 1866 | C11: 4785 | D11: 5564 | E11: 12214 | G11: 245 | H11: 10821 | I11: 9539 | J11: 20606 | L11: 2111 | M11: 15606 | N11: 15103 | O11: 32820 | R11: 1997
B12: 1459 | C12: 5436 | D12: 6593 | E12: 13489 | G12: 225 | H12: 10017 | I12: 10089 | J12: 20330 | L12: 1684 | M12: 15453 | N12: 16682 | O12: 33819 | R12: 1998
B13: 1440 | C13: 5270 | D13: 6164 | E13: 12875 | G13: 232 | H13: 10924 | I13: 11039 | J13: 22195 | L13: 1672 | M13: 16194 | N13: 17203 | O13: 35069 | R13: 1999
B14: 1545 | C14: 5259 | D14: 7062 | E14: 13866 | G14: 254 | H14: 10499 | I14: 11472 | J14: 22226 | L14: 1799 | M14: 15758 | N14: 18534 | O14: 36091 | R14: 2000
B15: 1438 | C15: 5241 | D15: 6658 | E15: 13338 | G15: 258 | H15: 8389 | I15: 10072 | J15: 18719 | L15: =G15+B15 -> 1696 | M15: 13630 | N15: 16731 | O15: 32057 | R15: 2001
B16: 1413 | C16: 5471 | D16: 6979 | E16: 13863 | G16: 200 | H16: 9250 | I16: 10094 | J16: 19545 | L16: =G16+B16 -> 1613 | M16: 14722 | N16: 17073 | O16: 33408 | R16: 2002
B17: 1760.467 | C17: 5176.897 | D17: 8029.6062 | E17: 15075.889 | G17: 234.9648 | H17: 8885.3984 | I17: 10775.365 | J17: 19895.728 | L17: =G17+B17 -> 1995.4318 | M17: 14062.295 | N17: 18804.971 | O17: 34971.617 | R17: 2003
B18: 1784.3859 | C18: 5721.8554 | D18: 8200.1941 | E18: 15706.435 | G18: 326.016 | H18: 8727.6761 | I18: 12337.941 | J18: 21391.633 | L18: =G18+B18 -> 2110.4019 | M18: 14449.531 | N18: 20538.135 | O18: 37098.068 | R18: 2004
B19: =SUM(B36:B39) -> 2202.756 | C19: =SUM(C36:C39) -> 5352.966 | D19: =SUM(D36:D39) -> 9079.456 | E19: =SUM(E36:E39) -> 16635.178 | G19: =SUM(G36:G39) -> 291.321 | H19: =SUM(H36:H39) -> 8874.972 | I19: =SUM(I36:I39) -> 11911.177 | J19: =SUM(J36:J39) -> 21077.47 | L19: =G19+B19 -> 2494.077 | M19: =SUM(M36:M39) -> 14227.938 | N19: =SUM(N36:N39) -> 20990.633 | O19: =SUM(O36:O39) -> 37712.648 | R19: 2005
B20: 1639.335 | C20: 5516 | D20: 8693 | E20: 15848.335 | G20: 269 | H20: 9626 | I20: 10508 | J20: 20404 | L20: 1908.335 | M20: 15144 | N20: 19202 | O20: 36253.335 | R20: 2006
B21: =SUM(B46:B49) -> 2309.689 | C21: =SUM(C46:C49) -> 6126.368 | D21: =SUM(D46:D49) -> 9311.392 | E21: =SUM(E46:E49) -> 17747.449 | G21: =SUM(G46:G49) -> 224.99 | H21: =SUM(H46:H49) -> 10105.497 | I21: =SUM(I46:I49) -> 12145.549 | J21: =SUM(J46:J49) -> 22476.036 | L21: =SUM(L46:L49) -> 2534.679 | M21: =SUM(M46:M49) -> 16231.865 | N21: =SUM(N46:N49) -> 21456.941 | O21: =SUM(O46:O49) -> 40223.485 | R21: 2007
A22: 0 | B22: =B54+B58+B62+B66 -> 2356.933 | C22: =C54+C58+C62+C66 -> 5804.292 | D22: =D54+D58+D62+D66 -> 9970.744 | E22: =E54+E58+E62+E66 -> 18131.969 | F22: 232.33588 | G22: =G54+G58+G62+G66 -> 220.335 | H22: =H54+H58+H62+H66 -> 10047.229 | I22: =I54+I58+I62+I66 -> 12589.633 | J22: =J54+J58+J62+J66 -> 22857.197 | K22: =F22+A22 -> 232.33588 | L22: =L54+L58+L62+L66 -> 2577.268 | M22: =M54+M58+M62+M66 -> 15851.521 | N22: =N54+N58+N62+N66 -> 22560.377 | O22: =O54+O58+O62+O66 -> 40989.166 | R22: 2008
A23: =A71+A75+A79+A83 -> 19.502 | B23: =B71+B75+B79+B83 -> 1585.651 | C23: =C71+C75+C79+C83 -> 4918.014 | D23: =D71+D75+D79+D83 -> 8875.588 | E23: =E71+E75+E79+E83 -> 15398.755 | F23: =F71+F75+F79+F83 -> 436.4007 | G23: =G71+G75+G79+G83 -> 173.582 | H23: =H71+H75+H79+H83 -> 9997.253 | ... O23: =O71+O75+O79+O83 -> 36943.195 | R23: 2009
A24: =A88+A92+A96+A100 -> 9.237 | B24: =B88+B92+B96+B100 -> 2254.737 | C24: =C88+C92+C96+C100 -> 7307.861 | D24: =D88+D92+D96+D100 -> 9697.4469 | E24: =E88+E92+E96+E100 -> 19269.282 | F24: =F88+F92+F96+F100 -> 709.82099 | G24: =G88+G92+G96+G100 -> 66.271 | H24: =H88+H92+H96+H100 -> 11227.143 | ... O24: =O88+O92+O96+O100 -> 43412.548 | R24: 2010
A25: =A105+A109+A113+A117 -> 24.571 | B25: =B105+B109+B113+B117 -> 2119.32 | C25: =C105+C109+C113+C117 -> 7224.6731 | D25: =D105+D109+D113+D117 -> 10221.252 | E25: =E105+E109+E113+E117 -> 19589.816 | F25: =F105+F109+F113+F117 -> 1000.7894 | G25: =G105+G109+G113+G117 -> 161.1249 | H25: =H105+H109+H113+H117 -> 11990.761 | ... O25: =O105+O109+O113+O117 -> 45073.48 | R25: 2011
A26: =A122+A126+A130+A134 -> 32.164 | B26: =B122+B126+B130+B134 -> 1456.209 | C26: =C122+C126+C130+C134 -> 7231.6741 | D26: =D122+D126+D130+D134 -> 10709.436 | E26: =E122+E126+E130+E134 -> 19429.483 | F26: =F122+F126+F130+F134 -> 1270.11 | G26: =G122+G126+G130+G134 -> 105.57 | H26: =H122+H126+H130+H134 -> 12382.74 | ... O26: =O122+O126+O130+O134 -> 46466.584 | R26: 2012
A27: =A139+A143+A147+A151 -> 11.793 | B27: =B139+B143+B147+B151 -> 1921.3107 | C27: =C139+C143+C147+C151 -> 6829.0077 | D27: =D139+D143+D147+D151 -> 11700.985 | E27: =E139+E143+E147+E151 -> 20463.097 | F27: =F139+F143+F147+F151 -> 1655.099 | G27: =G139+G143+G147+G151 -> 160.61696 | H27: =H139+H143+H147+H151 -> 12384.553 | ... O27: =O139+O143+O147+O151 -> 48750.218 | R27: 2013
A28: =A156+A160+A164+A168 -> 16.855 | B28: =B156+B160+B164+B168 -> 2126.0743 | C28: =C156+C160+C164+C168 -> 8264.3546 | D28: =D156+D160+D164+D168 -> 10877.018 | E28: =E156+E160+E164+E168 -> 21284.302 | F28: =F156+F160+F164+F168 -> 1913.903 | G28: =G156+G160+G164+G168 -> 184.1447 | H28: =H156+H160+H164+H168 -> 13290.384 | ... O28: =O156+O160+O164+O168 -> 53295.873 | R28: 2014
A29: =A173+A177+A181+A185 -> 5.71 | B29: =B173+B177+B181+B185 -> 1891.2727 | C29: =C173+C177+C181+C185 -> 7948.6514 | D29: =D173+D177+D181+D185 -> 10327.323 | E29: =E173+E177+E181+E185 -> 20172.957 | F29: =F173+F177+F181+F185 -> 2130.103 | G29: =G173+G177+G181+G185 -> 211.91207 | H29: =H173+H177+H181+H185 -> 14324.833 | ... O29: =O173+O177+O181+O185 -> 53771.91 | R29: 2015
A30: =A190+A194+A198+A202 -> 2.337 | B30: =B190+B194+B198+B202 -> 1891.1233 | C30: =C190+C194+C198+C202 -> 8694.1246 | D30: =D190+D194+D198+D202 -> 10149.986 | E30: =E190+E194+E198+E202 -> 20737.57 | F30: =F190+F194+F198+F202 -> 2823.185 | G30: =G190+G194+G198+G202 -> 218.293 | H30: =H190+H194+H198+H202 -> 15392.293 | ... O30: =O190+O194+O198+O202 -> 57047.926 | R30: 2016
A31: =A207+A211+A215+A219 -> 0.136 | B31: =B207+B211+B215+B219 -> 2018.11 | C31: =C207+C211+C215+C219 -> 8375.2218 | D31: =D207+D211+D215+D219 -> 10112.283 | E31: =E207+E211+E215+E219 -> 20505.75 | F31: =F207+F211+F215+F219 -> 2928.1174 | G31: =G207+G211+G215+G219 -> 153.34512 | H31: =H207+H211+H215+H219 -> 15209.327 | ... O31: =O207+O211+O215+O219 -> 57936.062 | R31: 2017
A32: =A224+A228+A232+A236 -> 2.137 | B32: =B224+B228+B232+B236 -> 2114.266 | C32: =C224+C228+C232+C236 -> 7702.5772 | D32: =D224+D228+D232+D236 -> 10414.278 | E32: =E224+E228+E232+E236 -> 20233.259 | F32: =F224+F228+F232+F236 -> 3416.685 | G32: =G224+G228+G232+G236 -> 175.799 | H32: =H224+H228+H232+H236 -> 15772.47 | ... O32: =O224+O228+O232+O236 -> 58714.966 | R32: 2018
A33: =A241+A245+A249+A253 -> 0 | B33: =B241+B245+B249+B253 -> 1750.9701 | C33: =C241+C245+C249+C253 -> 7751.2784 | D33: =D241+D245+D249+D253 -> 10107.839 | E33: =E241+E245+E249+E253 -> 19610.087 | F33: =F241+F245+F249+F253 -> 3074.337 | G33: =G241+G245+G249+G253 -> 193.747 | H33: =H241+H245+H249+H253 -> 15838.642 | ... O33: =O241+O245+O249+O253 -> 57693.241 | R33: 2019
A34: =A258+A262+A266+A270 -> 0 | B34: =B258+B262+B266+B270 -> 2075.403 | C34: =C258+C262+C266+C270 -> 7908.6101 | D34: =D258+D262+D266+D270 -> 9139.3927 | E34: =E258+E262+E266+E270 -> 19123.406 | F34: =F258+F262+F266+F270 -> 4456.5525 | G34: =G258+G262+G266+G270 -> 149.168 | H34: =H258+H262+H266+H270 -> 16065.036 | ... O34: =O258+O262+O266+O270 -> 57452.724 | R34: 2020
B36: 600.768 | C36: 1459.112 | D36: 2044.352 | E36: =SUM(B36:D36) -> 4104.232 | G36: 53.226 | H36: 2105.006 | I36: 2822.7655 | J36: =SUM(G36:I36) -> 4980.9975 | L36: =G36+B36 -> 653.994 | M36: =H36+C36 -> 3564.118 | N36: =I36+D36 -> 4867.1175 | O36: =J36+E36 -> 9085.2295 | Q36: 01-03 | R36: 2005
B37: 391.86 | C37: 1587.206 | D37: 2557.609 | E37: =SUM(B37:D37) -> 4536.675 | G37: 85.207 | H37: 2220.072 | I37: 3087.518 | J37: =SUM(G37:I37) -> 5392.797 | L37: =G37+B37 -> 477.067 | M37: =H37+C37 -> 3807.278 | N37: =I37+D37 -> 5645.127 | O37: =J37+E37 -> 9929.472 | Q37: 04-06
B38: 651.862 | C38: 1193.714 | D38: 2357.055 | E38: =SUM(B38:D38) -> 4202.631 | G38: 76.459 | H38: 2304.379 | I38: 3041.695 | J38: =SUM(G38:I38) -> 5422.533 | L38: =G38+B38 -> 728.321 | M38: =H38+C38 -> 3498.093 | N38: =I38+D38 -> 5398.75 | O38: =J38+E38 -> 9625.164 | Q38: 07-09
B39: 558.266 | C39: 1112.934 | D39: 2120.44 | E39: =SUM(B39:D39) -> 3791.64 | G39: 76.429 | H39: 2245.515 | I39: 2959.199 | J39: =SUM(G39:I39) -> 5281.143 | L39: =G39+B39 -> 634.695 | M39: =H39+C39 -> 3358.449 | N39: =I39+D39 -> 5079.639 | O39: =J39+E39 -> 9072.783 | Q39: 10-12
B41: 253.335 | C41: 1170 | D41: 2221 | E41: 3644.335 | G41: 49 | H41: 2240 | I41: 2719 | J41: 5009 | L41: 302.335 | M41: 3412 | N41: 4941 | O41: 8654.335 | Q41: 01-03 | R41: 2006
B42: 356 | C42: 1294 | D42: 2688 | E42: =SUM(B42:D42) -> 4338 | G42: 79 | H42: 2374 | I42: 2837 | J42: =SUM(G42:I42) -> 5290 | L42: =G42+B42 -> 435 | M42: =H42+C42 -> 3668 | N42: =I42+D42 -> 5525 | O42: =J42+E42 -> 9628 | P42: 3076 | Q42: 04-06
B43: 378 | C43: 1603 | D43: 1744 | E43: 3725 | G43: 71 | H43: 2667 | I43: 2190 | J43: 4928 | L43: 449 | M43: 4270 | N43: 3934 | O43: 8653 | Q43: 07-09
B44: 652 | C44: 1449 | D44: 2040 | E44: 4141 | G44: 70 | H44: 2345 | I44: 2762 | J44: 5177 | L44: 722 | M44: 3794 | N44: 4802 | O44: 9318 | Q44: 10-12
B46: 514.163 | C46: 1397.712 | D46: 2213.626 | E46: =SUM(B46:D46) -> 4125.501 | G46: 44.623 | H46: 2274.666 | I46: 2984.098 | J46: =SUM(G46:I46) -> 5303.387 | L46: =G46+B46 -> 558.786 | M46: =H46+C46 -> 3672.378 | N46: =I46+D46 -> 5197.724 | O46: =J46+E46 -> 9428.888 | Q46: 01-03 | R46: 2007
B47: 476.685 | C47: 1716.732 | D47: 2437.797 | E47: =SUM(B47:D47) -> 4631.214 | G47: 83.253 | H47: 2441.039 | I47: 2871.126 | J47: =SUM(G47:I47) -> 5395.418 | L47: =G47+B47 -> 559.938 | M47: =H47+C47 -> 4157.771 | N47: =I47+D47 -> 5308.923 | O47: =J47+E47 -> 10026.632 | Q47: 04-06
B48: 689.682 | C48: 1376.47 | D48: 2194.466 | E48: =SUM(B48:D48) -> 4260.618 | G48: 57.075 | H48: 2609.719 | I48: 3076.151 | J48: =SUM(G48:I48) -> 5742.945 | L48: =B48+G48 -> 746.757 | M48: =C48+H48 -> 3986.189 | N48: =D48+I48 -> 5270.617 | O48: =E48+J48 -> 10003.563 | Q48: 07-09
B49: 629.159 | C49: 1635.454 | D49: 2465.503 | E49: =SUM(B49:D49) -> 4730.116 | G49: 40.039 | H49: 2780.073 | I49: 3214.174 | J49: =SUM(G49:I49) -> 6034.286 | L49: =B49+G49 -> 669.198 | M49: =C49+H49 -> 4415.527 | N49: =D49+I49 -> 5679.677 | O49: =E49+J49 -> 10764.402 | Q49: 10-12
B51: 243.434 | C51: 552.085 | D51: 849.133 | E51: =SUM(B51:D51) -> 1644.652 | G51: 25.5 | H51: 670.055 | I51: 1006.924 | J51: =SUM(G51:I51) -> 1702.479 | L51: =B51+G51 -> 268.934 | M51: =C51+H51 -> 1222.14 | N51: =D51+I51 -> 1856.057 | O51: =E51+J51 -> 3347.131 | Q51: 01 | R51: 2008
B52: 180.067 | C52: 589.774 | D52: 814.013 | E52: =SUM(B52:D52) -> 1583.854 | G52: 21.132 | H52: 882.079 | I52: 1239.833 | J52: =SUM(G52:I52) -> 2143.044 | L52: =G52+B52 -> 201.199 | M52: =H52+C52 -> 1471.853 | N52: =I52+D52 -> 2053.846 | O52: =J52+E52 -> 3726.898 | Q52: 02
B53: 245.086 | C53: 668.091 | D53: 989.751 | E53: =SUM(B53:D53) -> 1902.928 | G53: 12.699 | H53: 868.672 | I53: 1033.24 | J53: =SUM(G53:I53) -> 1914.611 | L53: =B53+G53 -> 257.785 | M53: =C53+H53 -> 1536.763 | N53: =D53+I53 -> 2022.991 | O53: =E53+J53 -> 3817.539 | Q53: 03
B54: =SUM(B51:B53) -> 668.587 | C54: =SUM(C51:C53) -> 1809.95 | D54: =SUM(D51:D53) -> 2652.897 | E54: =SUM(E51:E53) -> 5131.434 | G54: =SUM(G51:G53) -> 59.331 | H54: =SUM(H51:H53) -> 2420.806 | I54: =SUM(I51:I53) -> 3279.997 | J54: =SUM(J51:J53) -> 5760.134 | L54: =SUM(L51:L53) -> 727.918 | M54: =SUM(M51:M53) -> 4230.756 | N54: =SUM(N51:N53) -> 5932.894 | O54: =SUM(O51:O53) -> 10891.568 | Q54: 01-03 | R54: 2008
B55: 215.673 | C55: 551.872 | D55: 889.754 | E55: =SUM(B55:D55) -> 1657.299 | G55: 20.588 | H55: 892.626 | I55: 1247.991 | J55: =SUM(G55:I55) -> 2161.205 | L55: =B55+G55 -> 236.261 | M55: =C55+H55 -> 1444.498 | N55: =D55+I55 -> 2137.745 | O55: =E55+J55 -> 3818.504 | Q55: 04
B56: 203.736 | C56: 551.43 | D56: 964.635 | E56: =SUM(B56:D56) -> 1719.801 | G56: 19.674 | H56: 815.45 | I56: 1041.246 | J56: =SUM(G56:I56) -> 1876.37 | L56: =B56+G56 -> 223.41 | M56: =C56+H56 -> 1366.88 | N56: =D56+I56 -> 2005.881 | O56: =E56+J56 -> 3596.171 | Q56: 05
B57: 252.641 | C57: 637.76 | D57: 902.648 | E57: =SUM(B57:D57) -> 1793.049 | G57: 12.868 | H57: 799.288 | I57: 1192.565 | J57: =SUM(G57:I57) -> 2004.721 | L57: =B57+G57 -> 265.509 | M57: =C57+H57 -> 1437.048 | N57: =D57+I57 -> 2095.213 | O57: =E57+J57 -> 3797.77 | Q57: 06
B58: =SUM(B55:B57) -> 672.05 | C58: =SUM(C55:C57) -> 1741.062 | D58: =SUM(D55:D57) -> 2757.037 | E58: =SUM(E55:E57) -> 5170.149 | G58: =SUM(G55:G57) -> 53.13 | H58: =SUM(H55:H57) -> 2507.364 | I58: =SUM(I55:I57) -> 3481.802 | J58: =SUM(J55:J57) -> 6042.296 | L58: =SUM(L55:L57) -> 725.18 | M58: =SUM(M55:M57) -> 4248.426 | N58: =SUM(N55:N57) -> 6238.839 | O58: =SUM(O55:O57) -> 11212.445 | Q58: 04-06
B59: 191.592 | C59: 495.297 | D59: 934.728 | E59: =SUM(B59:D59) -> 1621.617 | G59: 22.611 | H59: 836.295 | I59: 1194.45 | J59: =SUM(G59:I59) -> 2053.356 | L59: =B59+G59 -> 214.203 | M59: =C59+H59 -> 1331.592 | N59: =D59+I59 -> 2129.178 | O59: =E59+J59 -> 3674.973 | Q59: 07
B60: 240.829 | C60: 495.729 | D60: 719.014 | E60: =SUM(B60:D60) -> 1455.572 | G60: 12.826 | H60: 869.23 | I60: 992.681 | J60: =SUM(G60:I60) -> 1874.737 | L60: =B60+G60 -> 253.655 | M60: =C60+H60 -> 1364.959 | N60: =D60+I60 -> 1711.695 | O60: =E60+J60 -> 3330.309 | Q60: 08
B61: 203.18 | C61: 332.566 | D61: 538.813 | E61: =SUM(B61:D61) -> 1074.559 | G61: 11.685 | H61: 792.576 | I61: 870.068 | J61: =SUM(G61:I61) -> 1674.329 | L61: =B61+G61 -> 214.865 | M61: =C61+H61 -> 1125.142 | N61: =D61+I61 -> 1408.881 | O61: =E61+J61 -> 2748.888 | Q61: 09
B62: =SUM(B59:B61) -> 635.601 | C62: =SUM(C59:C61) -> 1323.592 | D62: =SUM(D59:D61) -> 2192.555 | E62: =SUM(E59:E61) -> 4151.748 | G62: =SUM(G59:G61) -> 47.122 | H62: =SUM(H59:H61) -> 2498.101 | I62: =SUM(I59:I61) -> 3057.199 | J62: =SUM(J59:J61) -> 5602.422 | L62: =SUM(L59:L61) -> 682.723 | M62: =SUM(M59:M61) -> 3821.693 | N62: =SUM(N59:N61) -> 5249.754 | O62: =SUM(O59:O61) -> 9754.17 | Q62: 07-09
B63: 161.376 | C63: 369.488 | D63: 731.377 | E63: =SUM(B63:D63) -> 1262.241 | G63: 13.303 | H63: 969.484 | I63: 955.455 | J63: =SUM(G63:I63) -> 1938.242 | L63: =B63+G63 -> 174.679 | M63: =C63+H63 -> 1338.972 | N63: =D63+I63 -> 1686.832 | O63: =E63+J63 -> 3200.483 | Q63: 10
B64: 138.233 | C64: 310.015 | D64: 781.468 | E64: =SUM(B64:D64) -> 1229.716 | G64: 25.953 | H64: 930.335 | I64: 933.208 | J64: =SUM(G64:I64) -> 1889.496 | L64: =B64+G64 -> 164.186 | M64: =C64+H64 -> 1240.35 | N64: =D64+I64 -> 1714.676 | O64: =E64+J64 -> 3119.212 | Q64: 11
B65: 81.086 | C65: 250.185 | D65: 855.41 | E65: =SUM(B65:D65) -> 1186.681 | G65: 21.496 | H65: 721.139 | I65: 881.972 | J65: =SUM(G65:I65) -> 1624.607 | L65: =B65+G65 -> 102.582 | M65: =C65+H65 -> 971.324 | N65: =D65+I65 -> 1737.382 | O65: =E65+J65 -> 2811.288 | Q65: 12
B66: =SUM(B63:B65) -> 380.695 | C66: =SUM(C63:C65) -> 929.688 | D66: =SUM(D63:D65) -> 2368.255 | E66: =SUM(E63:E65) -> 3678.638 | G66: =SUM(G63:G65) -> 60.752 | H66: =SUM(H63:H65) -> 2620.958 | I66: =SUM(I63:I65) -> 2770.635 | J66: =SUM(J63:J65) -> 5452.345 | L66: =SUM(L63:L65) -> 441.447 | M66: =SUM(M63:M65) -> 3550.646 | N66: =SUM(N63:N65) -> 5138.89 | O66: =SUM(O63:O65) -> 9130.983 | Q66: 10-12
A68: 0 | B68: =9.226+58.827 -> 68.053 | C68: 245.008 | D68: 706.248 | E68: =SUM(A68:D68) -> 1019.309 | F68: 25.102 | G68: 16.992 | H68: 544.316 | I68: 869.095 | J68: =SUM(F68:I68) -> 1455.505 | K68: =A68+F68 -> 25.102 | L68: =B68+G68 -> 85.045 | M68: =C68+H68 -> 789.324 | N68: =D68+I68 -> 1575.343 | O68: =E68+J68 -> 2474.814 | Q68: 01
A69: 0 | B69: =4.905+26.25 -> 31.155 | C69: 263.633 | D69: 637.234 | E69: =SUM(A69:D69) -> 932.022 | F69: 40.991 | G69: 19.34 | H69: 703.774 | I69: 575.604 | J69: =SUM(F69:I69) -> 1339.709 | K69: =A69+F69 -> 40.991 | L69: =B69+G69 -> 50.495 | M69: =C69+H69 -> 967.407 | N69: =D69+I69 -> 1212.838 | O69: =E69+J69 -> 2271.731 | Q69: 02
A70: 0 | B70: =7.624+140.6 -> 148.224 | C70: 472.133 | D70: 837.052 | E70: =SUM(A70:D70) -> 1457.409 | F70: 36.109 | G70: 15.135 | H70: 859.022 | I70: 948.021 | J70: =SUM(F70:I70) -> 1858.287 | K70: =A70+F70 -> 36.109 | L70: =B70+G70 -> 163.359 | M70: =C70+H70 -> 1331.155 | N70: =D70+I70 -> 1785.073 | O70: =E70+J70 -> 3315.696 | Q70: 03
A71: =SUM(A68:A70) -> 0 | B71: =SUM(B68:B70) -> 247.432 | C71: =SUM(C68:C70) -> 980.774 | D71: =SUM(D68:D70) -> 2180.534 | E71: =SUM(E68:E70) -> 3408.74 | F71: =SUM(F68:F70) -> 102.202 | G71: =SUM(G68:G70) -> 51.467 | H71: =SUM(H68:H70) -> 2107.112 | ... J71: =SUM(J68:J70) -> 4653.501 | K71: =A71+F71 -> 102.202 | L71: =SUM(L68:L70) -> 298.899 | M71: =SUM(M68:M70) -> 3087.886 | N71: =SUM(N68:N70) -> 4573.254 | O71: =SUM(O68:O70) -> 8062.241 | Q71: 01-03 | R71: 2009
A72: 19.502 | B72: =5.767+104.48 -> 110.247 | C72: 382.713 | D72: 780.562 | E72: =SUM(A72:D72) -> 1293.024 | F72: 34.851 | G72: 15.022 | H72: 787.173 | I72: 988.668 | J72: =SUM(F72:I72) -> 1825.714 | K72: =A72+F72 -> 54.353 | L72: =B72+G72 -> 125.269 | M72: =C72+H72 -> 1169.886 | N72: =D72+I72 -> 1769.23 | O72: =E72+J72 -> 3118.738 | Q72: 04
A73: 0 | B73: =107 -> 107 | C73: 464.734 | D73: 846.887 | E73: =SUM(A73:D73) -> 1418.621 | F73: 34.298 | G73: 10.119 | H73: 749.479 | I73: 966.951 | J73: =SUM(F73:I73) -> 1760.847 | K73: =A73+F73 -> 34.298 | L73: =B73+G73 -> 117.119 | M73: =C73+H73 -> 1214.213 | N73: =D73+I73 -> 1813.838 | O73: =E73+J73 -> 3179.468 | Q73: 05
A74: 0 | B74: =0.271+95.5 -> 95.771 | C74: 402.201 | D74: 675.852 | E74: =SUM(A74:D74) -> 1173.824 | F74: 42.329 | G74: 10.627 | H74: 822.945 | I74: 1012.614 | J74: =SUM(F74:I74) -> 1888.515 | K74: =A74+F74 -> 42.329 | L74: =B74+G74 -> 106.398 | M74: =C74+H74 -> 1225.146 | N74: =D74+I74 -> 1688.466 | O74: =E74+J74 -> 3062.339 | Q74: 06
A75: 19.502 | B75: =SUM(B72:B74) -> 313.018 | C75: =SUM(C72:C74) -> 1249.648 | D75: =SUM(D72:D74) -> 2303.301 | E75: =SUM(E72:E74) -> 3885.469 | F75: 111.478 | G75: =SUM(G72:G74) -> 35.768 | H75: =SUM(H72:H74) -> 2359.597 | I75: =SUM(I72:I74) -> 2968.233 | J75: =SUM(J72:J74) -> 5475.076 | K75: =A75+F75 -> 130.98 | L75: =SUM(L72:L74) -> 348.786 | M75: =SUM(M72:M74) -> 3609.245 | N75: =SUM(N72:N74) -> 5271.534 | O75: =SUM(O72:O74) -> 9360.545 | Q75: 04-06
A76: 0 | B76: =0.434+22.69 -> 23.124 | C76: 489.307 | D76: 689.849 | E76: =SUM(A76:D76) -> 1202.28 | F76: 38.158 | G76: 8.47 | H76: 999.441 | I76: 1073.964 | J76: =SUM(F76:I76) -> 2120.033 | K76: =A76+F76 -> 38.158 | L76: =B76+G76 -> 31.594 | M76: =C76+H76 -> 1488.748 | N76: =D76+I76 -> 1763.813 | O76: =E76+J76 -> 3322.313 | Q76: 07
A77: 0 | B77: =0.058+228.499 -> 228.557 | C77: 471.542 | D77: 774.837 | E77: =SUM(A77:D77) -> 1474.936 | F77: 58.638 | G77: 13.594 | H77: 976.068 | I77: 958.759 | J77: =SUM(F77:I77) -> 2007.059 | K77: =A77+F77 -> 58.638 | L77: =B77+G77 -> 242.151 | M77: =C77+H77 -> 1447.61 | N77: =D77+I77 -> 1733.596 | O77: =E77+J77 -> 3481.995 | Q77: 08
A78: 0 | B78: =0.223+191.529 -> 191.752 | C78: 409.125 | D78: 608.23 | E78: =SUM(A78:D78) -> 1209.107 | F78: 21.325 | G78: 8.058 | H78: 823.406 | I78: 860.856 | J78: =SUM(F78:I78) -> 1713.645 | K78: =A78+F78 -> 21.325 | L78: =B78+G78 -> 199.81 | M78: =C78+H78 -> 1232.531 | N78: =D78+I78 -> 1469.086 | O78: =E78+J78 -> 2922.752 | Q78: 09
A79: =SUM(A76:A78) -> 0 | B79: =SUM(B76:B78) -> 443.433 | C79: =SUM(C76:C78) -> 1369.974 | D79: =SUM(D76:D78) -> 2072.916 | E79: =SUM(E76:E78) -> 3886.323 | F79: =SUM(F76:F78) -> 118.121 | G79: =SUM(G76:G78) -> 30.122 | H79: =SUM(H76:H78) -> 2798.915 | ... O79: =SUM(O76:O78) -> 9727.06 | Q79: 07-09
A80: 0 | B80: =1.31+185.417 -> 186.727 | C80: 403.898 | D80: 831.969 | E80: =SUM(A80:D80) -> 1422.594 | F80: 26.048 | G80: 29.005 | H80: 850.605 | I80: 860.963 | J80: =SUM(F80:I80) -> 1766.621 | K80: =F80+A80 -> 26.048 | L80: =G80+B80 -> 215.732 | M80: =H80+C80 -> 1254.503 | N80: =I80+D80 -> 1692.932 | O80: =J80+E80 -> 3189.215 | Q80: 10
A81: 0 | B81: 224.9 | C81: 406.541 | D81: 688.773 | E81: =SUM(A81:D81) -> 1320.214 | F81: 39.1927 | G81: 13.22 | H81: 1001.921 | I81: 907.916 | J81: =SUM(F81:I81) -> 1962.2497 | K81: =F81+A81 -> 39.1927 | L81: =G81+B81 -> 238.12 | M81: =H81+C81 -> 1408.462 | N81: =I81+D81 -> 1596.689 | O81: =J81+E81 -> 3282.4637 | Q81: 11
A82: 0 | B82: 170.141 | C82: 507.179 | D82: 798.095 | E82: =SUM(A82:D82) -> 1475.415 | F82: 39.359 | G82: 14 | H82: 879.103 | I82: 913.793 | J82: =SUM(F82:I82) -> 1846.255 | K82: =A82+F82 -> 39.359 | L82: =B82+G82 -> 184.141 | M82: =C82+H82 -> 1386.282 | N82: =D82+I82 -> 1711.888 | O82: =E82+J82 -> 3321.67 | Q82: 12
A83: =SUM(A80:A82) -> 0 | B83: =SUM(B80:B82) -> 581.768 | C83: =SUM(C80:C82) -> 1317.618 | D83: =SUM(D80:D82) -> 2318.837 | E83: =SUM(E80:E82) -> 4218.223 | F83: =SUM(F80:F82) -> 104.5997 | G83: =SUM(G80:G82) -> 56.225 | H83: =SUM(H80:H82) -> 2731.629 | ... O83: =SUM(O80:O82) -> 9793.3487 | Q83: 10-12
A85: 0 | B85: 179.436 | C85: 563.89 | D85: 706.601 | E85: =SUM(A85:D85) -> 1449.927 | F85: 31.87947 | G85: 15.2 | H85: 923.496 | I85: 968.311 | J85: =SUM(F85:I85) -> 1938.8865 | K85: =A85+F85 -> 31.87947 | L85: =B85+G85 -> 194.636 | M85: =C85+H85 -> 1487.386 | N85: =D85+I85 -> 1674.912 | O85: =E85+J85 -> 3388.8135 | Q85: 01 | R85: 2010
A86: 0 | B86: 156.552 | C86: 644.156 | D86: 728.471 | E86: =SUM(A86:D86) -> 1529.179 | F86: 29.618 | G86: 3.3 | H86: 863.818 | I86: 887.369 | J86: =SUM(F86:I86) -> 1784.105 | K86: =A86+F86 -> 29.618 | L86: =B86+G86 -> 159.852 | M86: =C86+H86 -> 1507.974 | N86: =D86+I86 -> 1615.84 | O86: =E86+J86 -> 3313.284 | Q86: 02
A87: 0 | B87: 232.246 | C87: 726.473 | D87: 924.849 | E87: =SUM(A87:D87) -> 1883.568 | F87: 64.65 | G87: 5.122 | H87: 951.041 | I87: 1029.631 | J87: =SUM(F87:I87) -> 2050.444 | K87: =A87+F87 -> 64.65 | L87: =B87+G87 -> 237.368 | M87: =C87+H87 -> 1677.514 | N87: =D87+I87 -> 1954.48 | O87: =E87+J87 -> 3934.012 | Q87: 03
A88: =SUM(A85:A87) -> 0 | B88: =SUM(B85:B87) -> 568.234 | C88: =SUM(C85:C87) -> 1934.519 | D88: =SUM(D85:D87) -> 2359.921 | E88: =SUM(A88:D88) -> 4862.674 | F88: =SUM(F85:F87) -> 126.14747 | G88: =SUM(G85:G87) -> 23.622 | H88: =SUM(H85:H87) -> 2738.355 | I88: =SUM(I85:I87) -> 2885.311 | J88: =SUM(F88:I88) -> 5773.4355 | K88: =A88+F88 -> 126.14747 | L88: =B88+G88 -> 591.856 | M88: =C88+H88 -> 4672.874 | N88: =D88+I88 -> 5245.232 | O88: =E88+J88 -> 10636.109 | Q88: 01-03 | R88: 2010
A89: 0 | B89: 149.089 | C89: 651.434 | D89: 956.08 | E89: =SUM(A89:D89) -> 1756.603 | F89: 91.537 | G89: 3.8 | H89: 983.44 | I89: 921.729 | J89: =SUM(F89:I89) -> 2000.506 | K89: =A89+F89 -> 91.537 | L89: =B89+G89 -> 152.889 | M89: =C89+H89 -> 1634.874 | N89: =D89+I89 -> 1877.809 | O89: =E89+J89 -> 3757.109 | Q89: 04
A90: 0 | B90: 254.423 | C90: 723.332 | D90: 911.489 | E90: =SUM(A90:D90) -> 1889.244 | F90: 48.51582 | G90: 2.55 | H90: 930.582 | I90: 988.212 | J90: =SUM(F90:I90) -> 1969.8598 | K90: =A90+F90 -> 48.51582 | L90: =B90+G90 -> 256.973 | M90: =C90+H90 -> 1653.914 | N90: =D90+I90 -> 1899.701 | O90: =E90+J90 -> 3859.1038 | Q90: 05
A91: 0 | B91: 215.168 | C91: 588.331 | D91: 977.345 | E91: =SUM(A91:D91) -> 1780.844 | F91: 53.642 | G91: 2.5 | H91: 1051.77 | I91: 961.853 | J91: =SUM(F91:I91) -> 2069.765 | K91: =A91+F91 -> 53.642 | L91: =B91+G91 -> 217.668 | M91: =C91+H91 -> 1640.101 | N91: =D91+I91 -> 1939.198 | O91: =E91+J91 -> 3850.609 | Q91: 06
A92: =SUM(A89:A91) -> 0 | B92: =SUM(B89:B91) -> 618.68 | C92: =SUM(C89:C91) -> 1963.097 | D92: =SUM(D89:D91) -> 2844.914 | E92: =SUM(E89:E91) -> 5426.691 | F92: =SUM(F89:F91) -> 193.69482 | G92: =SUM(G89:G91) -> 8.85 | H92: =SUM(H89:H91) -> 2965.792 | ... N92: =SUM(N89:N91) -> 5716.708 | O92: =E92+J92 -> 11466.822 | Q92: 04-06
A93: 0 | B93: 114.03 | C93: 520.128 | D93: 915.81 | E93: =SUM(A93:D93) -> 1549.968 | F93: 54.97493 | G93: 0.26 | H93: 923.461 | I93: 1074.937 | J93: =SUM(F93:I93) -> 2053.6329 | K93: =A93+F93 -> 54.97493 | L93: =B93+G93 -> 114.29 | M93: =C93+H93 -> 1443.589 | N93: =D93+I93 -> 1990.747 | O93: =E93+J93 -> 3603.6009 | Q93: 07
A94: 0 | B94: 233.829 | C94: 549.074 | D94: 870.195 | E94: =SUM(A94:D94) -> 1653.098 | F94: 66.744 | G94: 0.221 | H94: 1040.585 | I94: 1066.652 | J94: =SUM(F94:I94) -> 2174.202 | K94: =A94+F94 -> 66.744 | L94: =B94+G94 -> 234.05 | M94: =C94+H94 -> 1589.659 | N94: =D94+I94 -> 1936.847 | O94: =E94+J94 -> 3827.3 | Q94: 08
A95: 0 | B95: 195.767 | C95: 475.853 | D95: 763.344 | E95: =SUM(A95:D95) -> 1434.964 | F95: 49.436 | G95: 0.235 | H95: 725.902 | I95: 1011.028 | J95: =SUM(F95:I95) -> 1786.601 | K95: =A95+F95 -> 49.436 | L95: =B95+G95 -> 196.002 | M95: =C95+H95 -> 1201.755 | N95: =D95+I95 -> 1774.372 | O95: =E95+J95 -> 3221.565 | Q95: 09
A96: =SUM(A93:A95) -> 0 | B96: =SUM(B93:B95) -> 543.626 | C96: =SUM(C93:C95) -> 1545.055 | D96: =SUM(D93:D95) -> 2549.349 | E96: =SUM(E93:E95) -> 4638.03 | F96: =SUM(F93:F95) -> 171.15493 | G96: =SUM(G93:G95) -> 0.716 | H96: =SUM(H93:H95) -> 2689.948 | ... O96: =SUM(O93:O95) -> 10652.466 | P96: =SUM(K96:O96) -> 21304.932 | Q96: 07-09
A97: 0 | B97: 221.956 | C97: 584.945 | D97: 693.6377 | E97: =SUM(A97:D97) -> 1500.5387 | F97: 67.76324 | G97: 4.947 | H97: 996.317 | I97: 1074.0616 | J97: =SUM(F97:I97) -> 2143.0888 | K97: =F97+A97 -> 67.76324 | L97: =G97+B97 -> 226.903 | M97: =H97+C97 -> 1581.262 | N97: =I97+D97 -> 1767.6993 | O97: =J97+E97 -> 3643.6275 | Q97: 10
A98: 0 | B98: 212.433 | C98: 663.151 | D98: 657.3359 | E98: =SUM(A98:D98) -> 1532.9199 | F98: 78.908 | G98: 14.884 | H98: 885.714 | I98: 1063.9053 | J98: =SUM(F98:I98) -> 2043.4113 | K98: =F98+A98 -> 78.908 | L98: =G98+B98 -> 227.317 | M98: =H98+C98 -> 1548.865 | N98: =I98+D98 -> 1721.2412 | O98: =J98+E98 -> 3576.3312 | Q98: 11
A99: 9.237 | B99: 89.808 | C99: 617.094 | D99: 592.2893 | E99: =SUM(A99:D99) -> 1308.4283 | F99: 72.15253 | G99: 13.252 | H99: 951.017 | I99: 1092.3426 | J99: =SUM(F99:I99) -> 2128.7641 | K99: =A99+F99 -> 81.38953 | L99: =B99+G99 -> 103.06 | M99: =C99+H99 -> 1568.111 | N99: =D99+I99 -> 1684.6319 | O99: =E99+J99 -> 3437.1924 | Q99: 12
A100: =SUM(A97:A99) -> 9.237 | B100: =SUM(B97:B99) -> 524.197 | C100: =SUM(C97:C99) -> 1865.19 | D100: =SUM(D97:D99) -> 1943.2629 | E100: =SUM(E97:E99) -> 4341.8869 | F100: =SUM(F97:F99) -> 218.82377 | G100: =SUM(G97:G99) -> 33.083 | H100: =SUM(H97:H99) -> 2833.048 | ... O100: =SUM(O97:O99) -> 10657.151 | Q100: 10-12
A102: 0 | B102: 106.277 | C102: 515.7066 | D102: 622.3659 | E102: =SUM(A102:D102) -> 1244.3495 | F102: 82.436 | G102: 12.7942 | H102: 932.9986 | I102: 902.8046 | J102: =SUM(F102:I102) -> 1931.0334 | K102: =F102+A102 -> 82.436 | L102: =G102+B102 -> 119.0712 | M102: =H102+C102 -> 1448.7052 | N102: =I102+D102 -> 1525.1705 | O102: =J102+E102 -> 3175.3829 | Q102: 01 | R102: 2011
A103: 1.322 | B103: 91.182 | C103: 520.1594 | D103: 766.8445 | E103: =SUM(A103:D103) -> 1379.5079 | F103: 73.8774 | G103: 14.126 | H103: 1006.2698 | I103: 970.5803 | J103: =SUM(F103:I103) -> 2064.8535 | K103: =A103+F103 -> 75.1994 | L103: =B103+G103 -> 105.308 | M103: =C103+H103 -> 1526.4292 | N103: =D103+I103 -> 1737.4248 | O103: =E103+J103 -> 3444.3614 | Q103: 02
A104: 0.026 | B104: 215.322 | C104: 916.233 | D104: 966.0413 | E104: =SUM(A104:D104) -> 2097.6223 | F104: 79.962 | G104: 13.27 | H104: 1076.3654 | I104: 1114.5955 | J104: =SUM(F104:I104) -> 2284.1929 | K104: =A104+F104 -> 79.988 | L104: =B104+G104 -> 228.592 | M104: =C104+H104 -> 1992.5984 | N104: =D104+I104 -> 2080.6368 | O104: =E104+J104 -> 4381.8152 | Q104: 03
A105: =SUM(A102:A104) -> 1.348 | B105: =SUM(B102:B104) -> 412.781 | C105: =SUM(C102:C104) -> 1952.099 | D105: =SUM(D102:D104) -> 2355.2517 | E105: =SUM(E102:E104) -> 4721.4797 | F105: =SUM(F102:F104) -> 236.2754 | G105: =SUM(G102:G104) -> 40.1902 | H105: =SUM(H102:H104) -> 3015.6338 | ... O105: =SUM(O102:O104) -> 11001.559 | Q105: 01-03 | R105: 2011
A106: 0 | B106: 130.29 | C106: 658.5041 | D106: 909.0646 | E106: =SUM(A106:D106) -> 1697.8587 | F106: 62.813 | G106: 11.607 | H106: 953.621 | I106: 1001.9959 | J106: =SUM(F106:I106) -> 2030.0369 | K106: =A106+F106 -> 62.813 | L106: =B106+G106 -> 141.897 | M106: =C106+H106 -> 1612.1251 | N106: =D106+I106 -> 1911.0605 | O106: =E106+J106 -> 3727.8956 | Q106: 04
A107: 0 | B107: 183.327 | C107: 653.6147 | D107: 862.1343 | E107: =SUM(A107:D107) -> 1699.076 | F107: 115.36 | G107: 12.588 | H107: 985.6031 | I107: 1152.5658 | J107: =SUM(F107:I107) -> 2266.1169 | K107: =A107+F107 -> 115.36 | L107: =B107+G107 -> 195.915 | M107: =C107+H107 -> 1639.2178 | N107: =D107+I107 -> 2014.7001 | O107: =E107+J107 -> 3965.1929 | Q107: 05
...

Sheet לא להפצה
J4: תנועת מטענים בטונות(מכולות גם ב-TEU)- חתך נמלים
C6: נמל | D6: נמל חיפה: | J6: נמל אשדוד: | P6: נמל אילת: | V6: סה"כ | Y6: נמל חיפה | Z6: נמל אשדוד | AA6: נמל אילת | AB6: סה"כ
B7: שנה | C7: רבעון | D7: סה"כ פריקה וטעינה | E7: סה"כ פריקה | F7: סה"כ טעינה | G7: מכולות טון TEU | I7: מספר נוסעים | J7: סה"כ פריקה וטעינה | K7: סה"כ פריקה | L7: סה"כ טעינה | M7: מכולות טון TEU | O7: מספר נוסעים | P7: סה"כ פריקה וטעינה | Q7: סה"כ פריקה | R7: סה"כ טעינה | S7: מכולות טון TEU | U7: מספר נוסעים | X7: שנה | Y7: סה"כ פריקה וטעינה | Z7: סה"כ פריקה וטעינה | AA7: סה"כ פריקה וטעינה
B8: 2005 | C8: רבעון 1 | D8: =Y8/1000 -> 5079.6393 | J8: =Z8/1000 -> 3358.4489 | P8: =AA8/1000 -> 634.708 | V8: =D8+J8+P8 -> 9072.7962 | X8: 2005 | Y8: 5079639.3 | Z8: 3358448.9 | AA8: 634708 | AB8: =SUM(Y8:AA8) -> 9072796.2
C9: רבעון 2 | D9: =Y9/1000 -> 5398.7502 | J9: =Z9/1000 -> 3498.0922 | P9: =AA9/1000 -> 728.0158 | Q9: 56344.4 | R9: 549025 | S9: 76786 | T9: 5864 | U9: 104722 | V9: =D9+J9+P9 -> 9624.8582 | Y9: 5398750.2 | Z9: 3498092.2 | AA9: 728015.8 | AB9: =Y9+Z9+AA9 -> 9624858.2
C10: רבעון 3 | D10: =Y10/1000 -> 5645.1269 | E10: 3089236 | F10: 2562357.3 | G10: 3195645 | H10: 292895 | I10: 52355 | J10: =Z10/1000 -> 3807.277 | K10: 2220071.5 | L10: 1587205.5 | M10: 1408081.8 | N10: 154204 | O10: 19473 | P10: =AA10/1000 -> 477.067 | Q10: 65983 | R10: 458367 | S10: 84959 | T10: 6657 | U10: 136720 | V10: =D10+J10+P10 -> 9929.4709 | Y10: 5645126.9 | Z10: 3807277 | AA10: 477067 | AB10: =Y10+Z10+AA10 -> 9929470.9
C11: רבעון 4 | D11: =Y11/1000 -> 4867.1174 | E11: 2822765.5 | F11: 2044351.9 | G11: 2709864 | H11: 252258 | I11: 0 | J11: =Z11/1000 -> 3564.118 | K11: 2105005.5 | L11: 1459112 | M11: 1393744 | N11: 154871 | O11: 0 | P11: =AA11/1000 -> 653.994 | Q11: 57349 | R11: 387112 | S11: 62084 | T11: 5094 | U11: 75701 | V11: =D11+J11+P11 -> 9085.2294 | Y11: 4867117.4 | Z11: 3564118 | AA11: 653994 | AB11: =Y11+Z11+AA11 -> 9085229.4
C12: שנתי | D12: =Y12/1000 -> 0 | J12: =Z12/1000 -> 0 | P12: =AA12/1000 -> 0 | Q12: =SUM(Q8:Q11) -> 179676.4 | R12: =SUM(R8:R11) -> 1394504 | S12: =SUM(S8:S11) -> 223829 | T12: =SUM(T8:T11) -> 17615 | U12: =SUM(U8:U11) -> 317143
B13: 2004 | C13: רבעון 1 | D13: =Y13/1000 -> 5205.1331 | E13: 3100253.9 | F13: 2104879.2 | G13: 3005190 | H13: 276476 | I13: 37712 | J13: =Z13/1000 -> 3783.015 | K13: 2338847.3 | L13: 1444167.7 | M13: 1423029.5 | N13: 156437 | O13: 18 | P13: =AA13/1000 -> 600.2719 | Q13: 65813 | R13: 362023 | S13: 91110 | T13: 7097 | U13: 13798 | V13: =D13+J13+P13 -> 9588.42 | X13: 2004 | Y13: 5205133.1 | Z13: 3783015 | AA13: 600271.9 | AB13: =Y13+Z13+AA13 -> 9588420
C14: רבעון 2 | D14: =Y14/1000 -> 4851.0236 | E14: 3126090.7 | F14: 1724932.9 | G14: 2329003.1 | H14: 210021 | I14: 77749 | J14: =Z14/1000 -> 3478.8404 | K14: 2025951.1 | L14: 1452889.3 | M14: 1163886 | N14: 113302 | O14: 24 | P14: =AA14/1000 -> 525.562 | Q14: 77361 | R14: 479371 | S14: 80193 | T14: 6481 | U14: 0 | V14: =D14+J14+P14 -> 8855.426 | Y14: 4851023.6 | Z14: 3478840.4 | AA14: 525562 | AB14: =Y14+Z14+AA14 -> 8855426
C15: רבעון 3 | D15: =Y15/1000 -> 5481.1416 | E15: 3275479.5 | F15: 2205662.1 | G15: 3079847.7 | H15: 285339 | I15: 40835 | J15: =Z15/1000 -> 3707.2907 | K15: 2177769.4 | L15: 1529521.3 | M15: 1311836.7 | N15: 142827 | O15: 62 | P15: =AA15/1000 -> 556.732 | Q15: 99355 | R15: 426207 | S15: 131165 | T15: 10035 | U15: 0 | V15: =D15+J15+P15 -> 9745.1643 | Y15: 5481141.6 | Z15: 3707290.7 | AA15: 556732 | AB15: =Y15+Z15+AA15 -> 9745164.3
C16: רבעון 4 | D16: =Y16/1000 -> 5000.8363 | E16: 2836116.4 | F16: 2164719.9 | G16: 2738348.1 | H16: 259484 | I16: 3308 | J16: =Z16/1000 -> 3480.3854 | K16: 2185108.3 | L16: 1295277.1 | M16: 1257391.2 | N16: 132434 | O16: 38 | P16: =AA16/1000 -> 427.836 | Q16: 83487 | R16: 516784.9 | S16: 84200 | T16: 6238 | U16: 22 | V16: =D16+J16+P16 -> 8909.0577 | Y16: 5000836.3 | Z16: 3480385.4 | AA16: 427836 | AB16: =Y16+Z16+AA16 -> 8909057.7
C17: שנתי | D17: =Y17/1000 -> 0 | J17: =Z17/1000 -> 0 | P17: =AA17/1000 -> 0 | Q17: =SUM(Q13:Q16) -> 326016 | R17: =SUM(R13:R16) -> 1784385.9 | S17: =SUM(S13:S16) -> 386668 | T17: =SUM(T13:T16) -> 29851 | U17: =SUM(U13:U16) -> 13820 | V17: =SUM(D17:U17) -> 2540740.9 | AB17: =SUM(Y17:AA17) -> 0
B18: 2003 | C18: רבעון 1 | D18: =Y18/1000 -> 4683.5923 | E18: 2818946.1 | F18: 1864646.2 | G18: 2407368.1 | H18: 225328 | I18: 38993 | J18: =Z18/1000 -> 3278.9079 | K18: 2111714.9 | L18: 1167193 | M18: 1173272 | N18: 123809 | O18: 72 | P18: =AA18/1000 -> 444.461 | Q18: 53226 | R18: 600768 | S18: 59023 | T18: 4013 | U18: 0 | V18: =D18+J18+P18 -> 8406.9612 | X18: 2003 | Y18: 4683592.3 | Z18: 3278907.9 | AA18: 444461 | AB18: =Y18+Z18+AA18 -> 8406961.2
C19: רבעון 2 | D19: =Y19/1000 -> 5003.927 | E19: 2868868.9 | F19: 2135058.1 | G19: 3042312.2 | H19: 286849 | I19: 53132 | J19: =Z19/1000 -> 3787.2473 | K19: 2376759.8 | L19: 1410487.5 | M19: 1268728.7 | N19: 138940 | O19: 90 | P19: =AA19/1000 -> 524.35 | Q19: 82595 | R19: 394472 | S19: 79452 | T19: 5201 | U19: 0 | V19: =D19+J19+P19 -> 9315.5243 | Y19: 5003927 | Z19: 3787247.3 | AA19: 524350 | AB19: =Y19+Z19+AA19 -> 9315524.3
C20: רבעון 3 | D20: =Y20/1000 -> 4909.7535 | E20: 2653823.1 | F20: 2255930.4 | G20: 2834288 | H20: 265536 | I20: 22740 | J20: =Z20/1000 -> 3546.573 | K20: 2129332 | L20: 1417241 | M20: 1224634 | N20: 129144 | O20: 44 | P20: =AA20/1000 -> 605.3694 | V20: =D20+J20+P20 -> 9061.6959 | Y20: 4909753.5 | Z20: 3546573 | AA20: 605369.4 | AB20: =Y20+Z20+AA20 -> 9061695.9
C21: רבעון 4 | D21: =Y21/1000 -> 4207.6981 | E21: 2433726.6 | F21: 1773971.5 | G21: 2348141 | H21: 236123 | I21: 172 | J21: =Z21/1000 -> 3449.5672 | K21: 2267591.7 | L21: 1181975.5 | M21: 1212655 | N21: 122384 | O21: 25 | P21: =AA21/1000 -> 530.1707 | V21: =D21+J21+P21 -> 8187.436 | Y21: 4207698.1 | Z21: 3449567.2 | AA21: 530170.7 | AB21: =Y21+Z21+AA21 -> 8187436
C22: שנתי
K28: =SUM(#REF!) -> #REF! | N28: =SUM(#REF!) -> #REF! | Y28: נמל חיפה: סה"כ פריקה וטעינה | Z28: נמל אשדוד: סה"כ פריקה וטעינה | AA28: נמל אילת: סה"כ פריקה וטעינה | AB28: סה"כ
E29: =SUM(#REF!) -> #REF! | H29: =SUM(#REF!) -> #REF! | K29: =SUM(#REF!) -> #REF! | N29: =SUM(#REF!) -> #REF! | Y29: 5079.6393 | Z29: 3356.3899 | AA29: 595.046 | AB29: 9031.0752
J30: Q4- 2005 | P30: Q1- 2003 | Y30: 5381.0544 | Z30: 3498.0772 | AA30: 701.4478 | AB30: 9580.5794
J31: Q3- 2005 | N31: =SUM(#REF!) -> #REF! | P31: Q2- 2003 | Y31: 5651.593 | Z31: 3807.277 | AA31: 477.067 | AB31: 9935.937
E32: =SUM(#REF!) -> #REF! | H32: =SUM(#REF!) -> #REF! | J32: Q2- 2005 | P32: Q3- 2003 | Y32: 4867.118 | Z32: 3564.117 | AA32: 653.994 | AB32: 9085.229
J33: Q1- 2005 | P33: Q4- 2003 | Y33: 5205.1331 | Z33: 3783.015 | AA33: 600.2719 | AB33: 9588.42
J34: Q4- 2004 | P34: Q1- 2004 | Y34: 4851.0236 | Z34: 3478.8404 | AA34: 525.562 | AB34: 8855.426
J35: Q3- 2004 | P35: Q2- 2004 | Y35: 5481.1416 | Z35: 3707.2907 | AA35: 556.732 | AB35: 9745.1643
J36: Q2- 2004 | P36: Q3- 2004 | Y36: 5000.8363 | Z36: 3480.3854 | AA36: 427.836 | AB36: 8909.0577
J37: Q1- 2004 | P37: Q4- 2004 | Y37: 4683.5923 | Z37: 3278.9079 | AA37: 444.461 | AB37: 8406.9612
J38: Q4- 2003 | P38: Q1- 2005 | Y38: 5003.927 | Z38: 3787.2473 | AA38: 524.35 | AB38: 9315.5243
J39: Q3- 2003 | P39: Q2- 2005 | Y39: 4909.7535 | Z39: 3546.573 | AA39: 605.3694 | AB39: 9061.6959
J40: Q2- 2003 | P40: Q3- 2005 | Y40: 4207.6981 | Z40: 3449.5672 | AA40: 530.1707 | AB40: 8187.436
J41: Q1- 2003 | P41: Q4- 2005
D55: נמל חיפה | J55: נמל אשדוד | P55: נמל אילת
B56: 2005 | C56: רבעון 1
C57: רבעון 2
C58: רבעון 3 | D58: 5651593 | E58: 3089236 | F58: 2562357.3 | G58: 3195645 | H58: 292895 | I58: 52355 | J58: 3807277 | K58: 2220071.5 | L58: 1587205.5 | M58: 1408081.8 | N58: 154204 | O58: 19473 | P58: 477067
C59: רבעון 4 | D59: 4867118 | E59: 2822765.5 | F59: 2044351.9 | G59: 2709864 | H59: 252258 | I59: 0 | J59: 3564117 | K59: 2105005.5 | L59: 1459112 | M59: 1393744 | N59: 154871 | O59: 0 | P59: 653994
C60: שנתי
B61: 2004 | C61: רבעון 1 | D61: 5205133.1 | E61: 3100253.9 | F61: 2104879.2 | G61: 3005190 | H61: 276476 | I61: 37712 | J61: 3783015 | K61: 2338847.3 | L61: 1444167.7 | M61: 1423029.5 | N61: 156437 | O61: 18 | P61: 600271.9
C62: רבעון 2 | D62: 4851023.6 | E62: 3126090.7 | F62: 1724932.9 | G62: 2329003.1 | H62: 210021 | I62: 77749 | J62: 3478840.4 | K62: 2025951.1 | L62: 1452889.3 | M62: 1163886 | N62: 113302 | O62: 24 | P62: 525562
C63: רבעון 3 | D63: 5481141.6 | E63: 3275479.5 | F63: 2205662.1 | G63: 3079847.7 | H63: 285339 | I63: 40835 | J63: 3707290.7 | K63: 2177769.4 | L63: 1529521.3 | M63: 1311836.7 | N63: 142827 | O63: 62 | P63: 556732
C64: רבעון 4 | D64: 5000836.3 | E64: 2836116.4 | F64: 2164719.9 | G64: 2738348.1 | H64: 259484 | I64: 3308 | J64: 3480385.4 | K64: 2185108.3 | L64: 1295277.1 | M64: 1257391.2 | N64: 132434 | O64: 38 | P64: 427836
C65: שנתי
B66: 2003 | C66: רבעון 1 | D66: 4683592.3 | E66: 2818946.1 | F66: 1864646.2 | G66: 2407368.1 | H66: 225328 | I66: 38993 | J66: 3278907.9 | K66: 2111714.9 | L66: 1167193 | M66: 1173272 | N66: 123809 | O66: 72 | P66: 444461
C67: רבעון 2 | D67: 5003927 | E67: 2868868.9 | F67: 2135058.1 | G67: 3042312.2 | H67: 286849 | I67: 53132 | J67: 3787247.3 | K67: 2376759.8 | L67: 1410487.5 | M67: 1268728.7 | N67: 138940 | O67: 90 | P67: 524350
C68: רבעון 3 | D68: 4909753.5 | E68: 2653823.1 | F68: 2255930.4 | G68: 2834288 | H68: 265536 | I68: 22740 | J68: 3546573 | K68: 2129332 | L68: 1417241 | M68: 1224634 | N68: 129144 | O68: 44 | P68: 605369.4
C69: רבעון 4 | D69: 4207698.1 | E69: 2433726.6 | F69: 1773971.5 | G69: 2348141 | H69: 236123 | I69: 172 | J69: 3449567.2 | K69: 2267591.7 | L69: 1181975.5 | M69: 1212655 | N69: 122384 | O69: 25 | P69: 530170.7
C70: שנתי | D70: =SUM(D66:D69) -> 18804971 | E70: =SUM(E66:E69) -> 10775365 | F70: =SUM(F66:F69) -> 8029606.2 | G70: =SUM(G66:G69) -> 10632109 | H70: =SUM(H66:H69) -> 1013836 | I70: =SUM(I66:I69) -> 115037 | J70: =SUM(J66:J69) -> 14062295 | K70: =SUM(K66:K69) -> 8885398.4 | ... P70: =SUM(P66:P69) -> 2104351.1

Sheet גיליון3
Q3: מרחב נמל חיפה Haifa Port Erea | W3: מרחב נמל אשדוד Ashdod Port Erea | Z3: נמל אילת Eilat Port
B4: תחום נמל חיפה Haifa port | C4: נמל המפרץ SIPG | D4: נמל מספנות ישראל Israel shipyards | E4: תחום נמל אשדוד Ashdod port | F4: נמל הדרום HCT | G4: נמל אילת Eilat port | H4: כל הנמלים Total ports | K4: נמל חיפה Haifa port | L4: נמל אשדוד Ashdod port | M4: נמל אילת Eilat port | N4: מספנות ישראל Israel shipyards | O4: כל הנמלים Total ports | P4: רבעון | Q4: ח.נמל חיפה | R4: דגון | S4: דלק | T4: כימיקלים | U4: נמל המפרץ | V4: נמל מספנות | W4: ח.נמל אשדוד | X4: נמל הדרום | Y4: דלק | Z4: ח.נ אילת
A5: Q1-2004 | B5: 5000.8363 | C5: SIPG | E5: 3480.3854 | G5: 427.836 | H5: 8909.0577 | J5: Q1-2004 | K5: 5000.8363 | L5: 3480.3854 | M5: 427.836 | O5: 8909.0577 | P5: Query | Q5: Haifa | R5: Dagon | S5: Fuel | T5: Chemical | U5: SIPG | V5: shipyards | W5: Ashdod | X5: HCT | Y5: Fuel | Z5: Eilat
A6: Q2-2004 | B6: 5481.1416 | E6: 3707.2907 | G6: 556.732 | H6: 9745.1643 | J6: Q2-2004 | K6: 5481.1416 | L6: 3707.2907 | M6: 556.732 | O6: 9745.1643
A7: Q3-2004 | B7: 4851.0236 | E7: 3478.8404 | G7: 525.562 | H7: 8855.426 | J7: Q3-2004 | K7: 4851.0236 | L7: 3478.8404 | M7: 525.562 | O7: 8855.426
A8: Q4-2004 | B8: 5205.1331 | E8: 3783.015 | G8: 600.2719 | H8: 9588.42 | J8: Q4-2004 | K8: 5205.1331 | L8: 3783.015 | M8: 600.2719 | O8: 9588.42
A9: Q1-2005 | B9: 4867.1175 | E9: 3564.118 | G9: 653.994 | H9: 9085.2295 | J9: Q1-2005 | K9: 4867.1175 | L9: 3564.118 | M9: 653.994 | O9: 9085.2295
A10: Q2-2005 | B10: 5645.127 | E10: 3807.278 | G10: 477.067 | H10: 9929.472 | J10: Q2-2005 | K10: 5645.127 | L10: 3807.278 | M10: 477.067 | O10: 9929.472
A11: Q3-2005 | B11: 5398.75 | E11: 3498.093 | G11: 728.321 | H11: 9625.164 | J11: Q3-2005 | K11: 5398.75 | L11: 3498.093 | M11: 728.321 | O11: 9625.164
A12: Q4-2005 | B12: 5079.639 | E12: 3358.449 | G12: 634.695 | H12: 9072.783 | J12: Q4-2005 | K12: 5079.639 | L12: 3358.449 | M12: 634.695 | O12: 9072.783
A13: Q1-2006 | B13: 4941 | E13: 3412 | G13: 302.335 | H13: 8654.335 | J13: Q1-2006 | K13: 4941 | L13: 3412 | M13: 302.335 | O13: 8654.335
A14: Q2-2006 | B14: 5525 | E14: 3668 | G14: 435 | H14: =SUM(B14:G14) -> 9628 | J14: Q2-2006 | K14: 5525 | L14: 3668 | M14: 435 | O14: =SUM(K14:M14) -> 9628
A15: Q3-2006 | B15: 3934 | E15: 4270 | G15: 449 | H15: =SUM(B15:G15) -> 8653 | J15: Q3-2006 | K15: 3934 | L15: 4270 | M15: 449 | O15: =SUM(K15:M15) -> 8653
A16: Q4-2006 | B16: 4802 | E16: 3794 | G16: 722 | H16: 9318 | J16: Q4-2006 | K16: 4802 | L16: 3794 | M16: 722 | O16: 9318
A17: Q1-2007 | B17: 5197.724 | E17: 3672.378 | G17: 559.324 | H17: =SUM(B17:G17) -> 9429.426 | J17: Q1-2007 | K17: 5197.724 | L17: 3672.378 | M17: 559.324 | O17: =SUM(K17:M17) -> 9429.426
A18: Q2-2007 | B18: 5308.923 | E18: 4157.771 | G18: 559.938 | H18: =SUM(B18:G18) -> 10026.632 | J18: Q2-2007 | K18: 5308.923 | L18: 4157.771 | M18: 559.938 | O18: =SUM(K18:M18) -> 10026.632
A19: Q3-2007 | B19: 5270.617 | E19: 3986.189 | G19: 746.757 | H19: =SUM(B19:G19) -> 10003.563 | J19: Q3-2007 | K19: 5270.617 | L19: 3986.189 | M19: 746.757 | O19: =SUM(K19:M19) -> 10003.563
A20: Q4-2007 | B20: 5679.677 | E20: 4415.527 | G20: 669.198 | H20: =SUM(B20:G20) -> 10764.402 | J20: Q4-2007 | K20: 5679.677 | L20: 4415.527 | M20: 669.198 | O20: =SUM(K20:M20) -> 10764.402
A21: Q1-2008 | B21: 5932.894 | E21: 4230.756 | G21: 727.918 | H21: =SUM(B21:G21) -> 10891.568 | J21: Q1-2008 | K21: 5932.894 | L21: 4230.756 | M21: 727.918 | O21: =SUM(K21:M21) -> 10891.568
A22: Q2-2008 | B22: 6243.29 | E22: 4248.426 | G22: 472.83 | H22: =SUM(B22:G22) -> 10964.546 | J22: Q2-2008 | K22: 6243.29 | L22: 4248.426 | M22: 472.83 | O22: =SUM(K22:M22) -> 10964.546
A23: Q3-2008 | B23: 5249.754 | E23: 3821.693 | G23: 682.723 | H23: =SUM(B23:G23) -> 9754.17 | J23: Q3-2008 | K23: 5249.754 | L23: 3821.693 | M23: 682.723 | O23: =SUM(K23:M23) -> 9754.17
A24: Q4-2008 | B24: 5138.933 | E24: 3550.646 | G24: 441.447 | H24: =SUM(B24:G24) -> 9131.026 | J24: Q4-2008 | K24: 5138.933 | L24: 3550.646 | M24: 441.447 | O24: =SUM(K24:M24) -> 9131.026
A25: Q1-2009 | B25: 4573.254 | D25: 102.202 | E25: 3087.887 | G25: 298.899 | H25: =SUM(B25:G25) -> 8062.242 | J25: 2008 | K25: =SUM(K21:K24) -> 22564.871 | L25: =SUM(L21:L24) -> 15851.521 | M25: =SUM(M21:M24) -> 2324.918 | N25: =SUM(N21:N24) -> 0 | O25: =SUM(O21:O24) -> 40741.31
A26: Q2-2009 | B26: 5271.534 | D26: 130.98 | E26: 3609.244 | G26: 348.786 | H26: =SUM(B26:G26) -> 9360.544 | J26: Q1-2009 | K26: 4573.254 | L26: 3087.887 | M26: 298.899 | N26: 102.202 | O26: =SUM(K26:N26) -> 8062.242
A27: Q3-2009 | B27: 4966.495 | D27: 118 | E27: 4168.89 | G27: 473.555 | H27: =SUM(B27:G27) -> 9726.94 | J27: Q2-2009 | K27: 5271.534 | L27: 3609.244 | M27: 348.786 | N27: 130.98 | O27: =SUM(K27:N27) -> 9360.544
A28: Q4-2009 | B28: 5001.509 | D28: 104.5997 | E28: 4049.247 | G28: 637.993 | H28: =SUM(B28:G28) -> 9793.3487 | J28: Q3-2009 | K28: 4966.495 | L28: 4168.89 | M28: 473.555 | N28: 118 | O28: =SUM(K28:N28) -> 9726.94
A29: Q1-2010 | B29: 5245.232 | D29: 126.14747 | E29: 4672.874 | G29: 591.856 | H29: =SUM(B29:G29) -> 10636.109 | J29: Q4-2009 | K29: 5001.509 | L29: 4049.247 | M29: 637.993 | N29: 104.5997 | O29: =SUM(K29:N29) -> 9793.3487
A30: Q2-2010 | B30: 5716.708 | D30: 193.69482 | E30: 4928.889 | G30: 627.53 | H30: =SUM(B30:G30) -> 11466.822 | J30: 2009 | K30: =SUM(K26:K29) -> 19812.792 | L30: =SUM(L26:L29) -> 14915.268 | M30: =SUM(M26:M29) -> 1759.233 | N30: =SUM(N26:N29) -> 455.7817 | O30: =SUM(O26:O29) -> 36943.075
A31: Q3-2010 | B31: 5701.966 | D31: 171.15493 | E31: 4235.003 | G31: 544.342 | H31: =SUM(B31:G31) -> 10652.466 | J31: Q1-2010 | K31: 5245.232 | L31: 4672.874 | M31: 591.856 | N31: 126.14747 | O31: =SUM(K31:N31) -> 10636.109
A32: Q4-2010 | B32: 5173.5724 | D32: 228.06077 | E32: 4697.771 | G32: 557.28 | H32: =SUM(B32:G32) -> 10656.684 | J32: Q2-2010 | K32: 5716.708 | L32: 4928.889 | M32: 627.53 | N32: 193.69482 | O32: =SUM(K32:N32) -> 11466.822
A33: Q1-2011 | B33: 5343.2321 | D33: 237.623 | E33: 4967.7328 | G33: 452.9712 | H33: =SUM(B33:G33) -> 11001.559 | J33: Q3-2010 | K33: 5701.966 | L33: 4235.003 | M33: 544.342 | N33: 171.15493 | O33: =SUM(K33:N33) -> 10652.466
A34: Q2-2011 | B34: 6067.2985 | D34: 273.411 | E34: 4859.1285 | G34: 532.4587 | H34: =SUM(B34:G34) -> 11732.297 | J34: Q4-2010 | K34: 5173.5724 | L34: 4697.771 | M34: 557.28 | N34: 228.06077 | O34: =SUM(K34:N34) -> 10656.684
A35: Q3-2011 | B35: 5644.5212 | D35: 256.752 | E35: 4793.3821 | G35: 652.937 | H35: =SUM(B35:G35) -> 11347.592 | J35: 2010 | K35: =SUM(K31:K34) -> 21837.478 | L35: =SUM(L31:L34) -> 18534.537 | M35: =SUM(M31:M34) -> 2321.008 | N35: =SUM(N31:N34) -> 719.05799 | O35: =SUM(O31:O34) -> 43412.081
A36: Q4-2011 | B36: 5497.1891 | D36: 257.574 | E36: 4595.1904 | G36: 642.078 | H36: =SUM(B36:G36) -> 10992.031 | J36: Q1-2011 | K36: 5354.0801 | L36: 4969.7108 | M36: 452.9712 | N36: 237.623 | O36: =SUM(K36:N36) -> 11014.385
A37: Q1-2012 | B37: 5951.1769 | D37: 299.489 | E37: 4582.4339 | G37: 357.325 | H37: =SUM(B37:G37) -> 11190.425 | J37: Q2-2011 | K37: 6070.6425 | L37: 4859.2669 | M37: 532.4587 | N37: 273.411 | O37: =SUM(K37:N37) -> 11735.779
A38: Q2-2012 | B38: 6251.0907 | D38: 343.513 | E38: 5323.9772 | G38: 500.579 | H38: =SUM(B38:G38) -> 12419.16 | J38: Q3-2011 | K38: 5649.5392 | L38: 4770.7561 | M38: 652.937 | N38: 256.752 | O38: =SUM(K38:N38) -> 11329.984
A39: Q3-2012 | B39: 5899.2427 | D39: 348.453 | E39: 5200.2986 | G39: 420.372 | H39: =SUM(B39:G39) -> 11868.366 | J39: Q4-2011 | K39: 5497.1896 | L39: 4468.3115 | M39: 642.078 | N39: 257.574 | O39: =SUM(K39:N39) -> 10865.153
A40: Q4-2012 | B40: 5886.9419 | D40: 310.819 | E40: 4507.7047 | G40: 283.503 | H40: =SUM(B40:G40) -> 10988.969 | J40: 2011 | K40: =SUM(K36:K39) -> 22571.451 | L40: =SUM(L36:L39) -> 19068.045 | M40: =SUM(M36:M39) -> 2280.4449 | N40: =SUM(N36:N39) -> 1025.36 | O40: =SUM(O36:O39) -> 44945.302
A41: Q1-2013 | B41: ='סה"כ מטענים - טבלה '!N139 -> 6513.6543 | D41: 363.707 | E41: ='סה"כ מטענים - טבלה '!M139 -> 4606.0101 | G41: ='סה"כ מטענים - טבלה '!L139 -> 464.6754 | H41: =SUM(B41:G41) -> 11948.047 | J41: Q1-2012 | K41: 5951.1769 | L41: 4582.4339 | M41: 357.325 | N41: 299.489 | O41: =SUM(K41:N41) -> 11190.425
A42: Q2-2013 | B42: ='סה"כ מטענים - טבלה '!N143 -> 7021.2679 | D42: ='סה"כ מטענים - טבלה '!G143 -> 39.92269 | E42: ='סה"כ מטענים - טבלה '!M143 -> 5280.8146 | G42: 671.202 | H42: =SUM(B42:G42) -> 13013.207 | J42: Q2-2012 | K42: 6251.0907 | L42: 5323.9772 | M42: 500.579 | N42: 343.513 | O42: =SUM(K42:N42) -> 12419.16
A43: Q3-2013 | B43: ='סה"כ מטענים - טבלה '!N147 -> 6546.6696 | D43: ='סה"כ מטענים - טבלה '!G147 -> 41.303181 | E43: ='סה"כ מטענים - טבלה '!M147 -> 4723.5427 | G43: ='סה"כ מטענים - טבלה '!L147 -> 385.20385 | H43: =SUM(B43:G43) -> 11696.719 | J43: Q3-2012 | K43: 5899.2427 | L43: 5200.2986 | M43: 420.372 | N43: 348.453 | O43: =SUM(K43:N43) -> 11868.366
A44: Q4-2013 | B44: 5706.2459 | D44: 449.233 | E44: 4602.9409 | G44: 560.84602 | H44: =SUM(B44:G44) -> 11319.266 | J44: Q4-2012 | K44: 5886.9419 | L44: 4507.7047 | M44: 283.503 | N44: 310.819 | O44: =SUM(K44:N44) -> 10988.969
A45: Q1-2014 | B45: 6308.4283 | D45: 498.334 | E45: 5679.5571 | G45: 650.55901 | H45: =SUM(B45:G45) -> 13136.878 | J45: 2012 | K45: =SUM(K41:K44) -> 23988.452 | L45: =SUM(L41:L44) -> 19614.414 | M45: =SUM(M41:M44) -> 1561.779 | N45: =SUM(N41:N44) -> 1302.274 | O45: =SUM(O41:O44) -> 46466.92
A46: Q2-2014 | B46: 7232.7346 | D46: 511.53 | E46: 5100.4492 | G46: 632.70765 | H46: =SUM(B46:G46) -> 13477.421 | J46: Q1-2013 | K46: 6513.6543 | L46: 4606.0101 | M46: 464.6754 | N46: 367.688 | O46: =SUM(K46:N46) -> 11952.028
A47: Q3-2014 | B47: 7120.1445 | D47: 468.261 | E47: 5355.5991 | G47: 513.55061 | H47: =SUM(B47:G47) -> 13457.555 | J47: Q2-2013 | K47: 7021.2679 | L47: 5280.8146 | M47: 660.08844 | N47: 388.799 | O47: =SUM(K47:N47) -> 13350.97
A48: Q4-2014 | B48: 6838.8495 | D48: 452.633 | E48: 5419.1332 | G48: 513.4017 | H48: =SUM(B48:G48) -> 13224.017 | J48: Q3-2013 | K48: 6546.6696 | L48: 4725.6557 | M48: 385.20385 | N48: 462.133 | O48: =SUM(K48:N48) -> 12119.662
A49: Q1-2015 | B49: 7095.2974 | D49: 460.159 | E49: 5351.4745 | G49: 452.20726 | H49: =SUM(B49:G49) -> 13359.138 | J49: 2013(III) | K49: =SUM(K46:K48) -> 20081.592 | L49: =SUM(L46:L48) -> 14612.48 | M49: =SUM(M46:M48) -> 1509.9677 | N49: =SUM(N46:N48) -> 1218.62 | O49: =SUM(O46:O48) -> 37422.66
A50: Q2-2015 | B50: 6731.4703 | D50: 544.611 | E50: 5562.2831 | G50: 262.91055 | H50: =SUM(B50:G50) -> 13101.275
A51: Q3-2015 | B51: 6390.4505 | D51: 560.625 | E51: 5544.4621 | G51: 647.41694 | H51: =SUM(B51:G51) -> 13142.955
A52: Q4-2015 | B52: 7042.2095 | D52: 570.418 | E52: 5815.2652 | G52: 740.64997 | H52: =SUM(B52:G52) -> 14168.543
A53: Q1-2016 | B53: 7150.9779 | D53: 682.327 | E53: 5916.7209 | G53: 180.19 | H53: =SUM(B53:G53) -> 13930.216
A54: Q2-2016 | B54: 7196.6931 | D54: 761.682 | E54: 6403.901 | G54: 325.49726 | H54: =SUM(B54:G54) -> 14687.773
A55: Q3-2016 | B55: 6575.5301 | D55: 717.103 | E55: 6230.3758 | G55: 804.484 | H55: =SUM(B55:G55) -> 14327.493
A56: Q4-2016 | B56: 7103.3689 | D56: 664.41 | E56: 5535.4202 | G56: 799.245 | H56: =SUM(B56:G56) -> 14102.444
A57: Q1-2017 | B57: 7144.1524 | D57: 743.186 | E57: 5950.1065 | G57: 285.46057 | H57: =SUM(B57:G57) -> 14122.906
A58: Q2-2017 | B58: 7694.3777 | D58: 808.34 | E58: 5886.8167 | G58: 534.885 | H58: =SUM(B58:G58) -> 14924.419
A59: Q3-2017 | B59: 7180.2107 | D59: 675.51871 | E59: 5966.2459 | G59: 628.0885 | H59: =SUM(B59:G59) -> 14450.064
A60: Q4-2017 | B60: 7233.0633 | D60: 701.20911 | E60: 5781.3799 | G60: 723.021 | H60: =SUM(B60:G60) -> 14438.673
A61: Q1-2018 | B61: 7580.8863 | D61: 791.824 | E61: 5755.7434 | G61: 471.505 | H61: =SUM(B61:G61) -> 14599.959
... A72: Q4-2020 | B72: 6373.5457 | D72: 1271.5617 | E72: 6328.5355 | G72: 671.042 | H72: =SUM(B72:G72) -> 14644.685
A73: Q1-2021 | B73: 6756.6953 | D73: 1145.1054 | E73: =W73+Y73 -> 6092.516 | G73: =Z73 -> 404.057 | H73: =SUM(B73:G73) -> 14398.374 | P73: Q1-2021 | Q73: 4406.7159 | R73: 737.862 | S73: 1410.528 | T73: 201.53 | V73: 1145.1054 | W73: 5908.5718 | Y73: 183.94424 | Z73: 404.057 | AA73: =SUM(Q73:Z73) -> 14398.314
A74: Q2-2021 | B74: 7230.7219 | D74: 1240.103 | E74: =W74+Y74 -> 6102.209 | G74: =Z74 -> 507.967 | H74: =SUM(B74:G74) -> 15081.001 | P74: Q2-2021 | Q74: 4472.5139 | R74: 1060.8363 | S74: 1516.392 | T74: 180.98 | V74: 1240.103 | W74: 5870.3904 | Y74: 231.81857 | Z74: 507.967 | AA74: =SUM(Q74:Z74) -> 15081.001
A75: Q3-2021 | B75: =Q75+R75+S75+T75 -> 7156.2807 | C75: =U75 -> 15.2002 | D75: =V75 -> 1191.5968 | E75: =W75+Y75 -> 5994.9659 | F75: =X75 -> 17.669 | G75: =Z75 -> 412.15 | H75: =SUM(B75:G75) -> 14787.863 | P75: Q3-2021 | Q75: 4075.4077 | R75: 1007.92 | S75: 1874.456 | T75: 198.497 | U75: 15.2002 | V75: 1191.5968 | W75: 5754.3844 | X75: 17.669 | Y75: 240.58145 | Z75: 412.15 | AA75: =SUM(Q75:Z75) -> 14787.863
A76: Q4-2021 | B76: =Q76+R76+S76+T76 -> 7361.3431 | C76: =U76 -> 60.0148 | D76: =V76 -> 1228.849 | E76: =W76+Y76 -> 6296.9276 | F76: =X76 -> 31.1466 | G76: =Z76 -> 518.8799 | H76: =SUM(B76:G76) -> 15497.161 | P76: Q4-2021 | Q76: 4284.7943 | R76: 1012.546 | S76: 1823.2168 | T76: 240.786 | U76: 60.0148 | V76: 1228.849 | W76: 6054.4103 | X76: 31.1466 | Y76: 242.51726 | Z76: 518.8799 | AA76: =SUM(Q76:Z76) -> 15497.161
A77: Q1-2022 | B77: =Q77+R77+S77+T77 -> 7431.8391 | C77: =U77 -> 264.238 | D77: =V77 -> 1258.422 | E77: =W77+Y77 -> 5993.1908 | F77: =X77 -> 44.20176 | G77: =Z77 -> 453.502 | H77: =SUM(B77:G77) -> 15445.394 | P77: Q1-2022 | Q77: 4512.6735 | R77: 785.62638 | S77: 1925.8742 | T77: 207.665 | U77: 264.238 | V77: 1258.422 | W77: 5697.8651 | X77: 44.20176 | Y77: 295.32567 | Z77: 453.502 | AA77: =SUM(Q77:Z77) -> 15445.394
A78: Q2-2022 | B78: =Q78+R78+S78+T78 -> 7152.2604 | C78: =U78 -> 737.78477 | D78: =V78 -> 1059.385 | E78: =W78+Y78 -> 6140.2313 | F78: =X78 -> 145.56087 | G78: =Z78 -> 402.0914 | H78: =SUM(B78:G78) -> 15637.314 | P78: Q2-2022 | Q78: 4034.7826 | R78: 941.53793 | S78: 1974.2209 | T78: 201.719 | U78: 737.78477 | V78: 1059.385 | W78: 5822.6339 | X78: 145.56087 | Y78: 317.59743 | Z78: 402.0914 | AA78: =SUM(Q78:Z78) -> 15637.314
A79: Q3-2022 | B79: =Q79+R79+S79+T79 -> 6389.9999 | C79: =U79 -> 1187.3495 | D79: =V79 -> 1068.199 | E79: =W79+Y79 -> 5607.2079 | F79: =X79 -> 456.38528 | G79: =Z79 -> 481.853 | H79: =SUM(B79:G79) -> 15190.995 | P79: Q3-2022 | Q79: 3205.3092 | R79: 915.16639 | S79: 2033.7873 | T79: 235.737 | U79: 1187.3495 | V79: 1068.199 | W79: 5367.9448 | X79: 456.38528 | Y79: 239.26313 | Z79: 481.853 | AA79: =SUM(Q79:Z79) -> 15190.995
A80: Q4-2022 | B80: =Q80+R80+S80+T80 -> 5488.169 | C80: =U80 -> 1715.4916 | D80: =V80 -> 1070.608 | E80: =W80+Y80 -> 5088.4358 | F80: =X80 -> 558.99115 | G80: =Z80 -> 517.633 | H80: =SUM(B80:G80) -> 14439.329 | P80: Q4-2022 | Q80: 2490.0911 | R80: 836.77455 | S80: 1942.4734 | T80: 218.83 | U80: 1715.4916 | V80: 1070.608 | W80: 4845.9192 | X80: 558.99115 | Y80: 242.51662 | Z80: 517.633 | AA80: =SUM(Q80:Z80) -> 14439.329
A81: Q1-2023 | B81: =Q81+R81+S81+T81 -> 5278.8948 | C81: =U81 -> 2404.6118 | D81: =V81 -> 1004.833 | E81: =W81+Y81 -> 5336.8159 | F81: =X81 -> 819.4961 | G81: =Z81 -> 307.271 | H81: =SUM(B81:G81) -> 15151.923 | P81: Q1-2023 | Q81: 2632.3419 | R81: 631.18266 | S81: 1806.5502 | T81: 208.82 | U81: 2404.6118 | V81: 1004.833 | W81: 5032.04 | X81: 819.4961 | Y81: 304.7759 | Z81: 307.271 | AA81: =SUM(Q81:Z81) -> 15151.923
A82: Q2-2023 | B82: =Q82+R82+S82+T82 -> 5294.8414 | C82: =U82 -> 2521.9233 | D82: =V82 -> 956.536 | E82: =W82+Y82 -> 5084.3452 | F82: =X82 -> 1440.4552 | G82: =Z82 -> 578.702 | H82: =SUM(B82:G82) -> 15876.803 | P82: Q2-2023 | Q82: 3230.5559 | R82: 464.6889 | S82: 1362.4406 | T82: 237.156 | U82: 2521.9233 | V82: 956.536 | W82: 4857.8529 | X82: 1440.4552 | Y82: 226.4923 | Z82: 578.702 | AA82: =SUM(Q82:Z82) -> 15876.803
A83: Q3-2023 | B83: =Q83+R83+S83+T83 -> 5769.0951 | C83: =U83 -> 2239.4713 | D83: =V83 -> 874.689 | E83: =W83+Y83 -> 5318.4585 | F83: =X83 -> 1287.4232 | G83: =Z83 -> 538.645 | H83: =SUM(B83:G83) -> 16027.782 | P83: Q3-2023 | Q83: 3092.5594 | R83: 729.14021 | S83: 1730.9925 | T83: 216.403 | U83: 2239.4713 | V83: 874.689 | W83: 4983.5161 | X83: 1287.4232 | Y83: 334.94239 | Z83: 538.645 | AA83: =SUM(Q83:Z83) -> 16027.782
A84: Q4-2023 | B84: =Q84+R84+S84+T84 -> 5767.2467 | C84: =U84 -> 1423.2905 | D84: =V84 -> 862.034 | E84: =W84+Y84 -> 4383.6527 | F84: =X84 -> 735.02704 | G84: =Z84 -> 437.72 | H84: =SUM(B84:G84) -> 13608.971 | P84: Q4-2023 | Q84: 2706.8387 | R84: 638.73947 | S84: 2240.3515 | T84: 181.317 | U84: 1423.2905 | V84: 862.034 | W84: 4127.1232 | X84: 735.02704 | Y84: 256.52954 | Z84: 437.72 | AA84: =SUM(Q84:Z84) -> 13608.971
A85: Q1-2024 | B85: =Q85+R85+S85+T85 -> 4540.3685 | C85: 1530.233 | D85: =V85 -> 768.19 | E85: 4942.7734 | F85: 878.02031 | G85: =Z85 -> 226.46 | H85: =SUM(B85:G85) -> 12886.045 | P85: Q1-2024 | Q85: 2360.1861 | R85: 335.50235 | S85: 1660.53 | T85: 184.15 | U85: 1530.233 | V85: 768.19 | W85: 4687.1764 | X85: 878.02031 | Y85: 255.59704 | Z85: 226.46 | AA85: =SUM(Q85:Z85) -> 12886.045
A86: Q2-2024 | B86: 4437.4267 | C86: 1271.9377 | D86: =V86 -> 787.55123 | E86: 4890.5804 | F86: 1617.5103 | G86: =Z86 -> 127.145 | H86: =SUM(B86:G86) -> 13132.151 | P86: Q2-2024 | Q86: 2237.3097 | R86: 688.87159 | S86: 1305.5434 | T86: 205.702 | U86: 1271.9377 | V86: 787.55123 | W86: 4755.9957 | X86: 1617.5103 | Y86: 134.78367 | Z86: 127.145 | AA86: =SUM(Q86:Z86) -> 13132.35
A87: Q3-2024 | B87: 4684.0128 | C87: 1158.3685 | D87: =V87 -> 965.64866 | E87: 5390.0737 | F87: 1783.8304 | G87: =Z87 -> 94.698 | H87: =SUM(B87:G87) -> 14076.632 | P87: Q3-2024 | Q87: 2585.8756 | R87: 699.30392 | S87: 1261.9953 | T87: 136.838 | U87: 1158.3685 | V87: 965.64866 | W87: 5221.3773 | X87: 1783.7708 | Y87: 169.20144 | Z87: 94.698 | AA87: =SUM(Q87:Z87) -> 14077.077
A88: Q4-2024 | B88: 5047.5437 | C88: 1289.048 | D88: 867.395 | E88: 5230.8771 | F88: 1572.4258 | G88: 220.538 | H88: =SUM(B88:G88) -> 14227.828 | P88: Q4-2024 | Q88: 2725.3447 | R88: 632.79236 | S88: 1551.1556 | T88: 138.251 | U88: 1289.048 | V88: 867.395 | W88: 5035.7569 | X88: 1572.4258 | Y88: 195.12019 | Z88: 220.538 | AA88: =SUM(Q88:Z88) -> 14227.828
A89: Q1-2025 | B89: 4841.4647 | C89: 1503.5444 | D89: 763.72803 | E89: 5483.7334 | F89: 1471.4436 | G89: 151.474 | H89: =SUM(B89:G89) -> 14215.388 | P89: Q1-2025 | Q89: 2996.8088 | R89: 757.03788 | S89: 938.77706 | T89: 148.841 | U89: 1503.5444 | V89: 763.72803 | W89: 5252.5365 | X89: 1471.4436 | Y89: 231.19687 | Z89: 151.474 | AA89: =SUM(Q89:Z89) -> 14215.388
A90: Q2-2025 | B90: 4799.8875 | C90: 1352.447 | D90: 747.97945 | E90: 5382.4482 | F90: 1642.2274 | G90: 88.977 | H90: =SUM(B90:G90) -> 14013.967 | P90: Q2-2025 | Q90: 2843.6898 | R90: 494.57493 | S90: 1262.2938 | T90: 199.329 | U90: 1352.447 | V90: 747.97945 | W90: 5217.4258 | X90: 1642.2274 | Y90: 165.02244 | Z90: 88.977 | AA90: =SUM(Q90:Z90) -> 14013.967
A93: שנה Year | B93: תחום נמל חיפה Haifa port | C93: נמל המפרץ SIPG | D93: נמל מספנות ישראל Israel shipyards | E93: תחום נמל אשדוד Ashdod port | F93: נמל הדרום HCT | G93: נמל אילת Eilat port | H93: כל הנמלים Total ports
A94: 2008 | B94: 22564.871 | E94: 15851.521 | G94: 2324.918 | H94: =SUM(B94:G94) -> 40741.31
A95: 2009 | B95: 19812.792 | E95: 14915.268 | G95: 1759.233 | H95: =SUM(B95:G95) -> 36487.293
A96: 2010 | B96: 21837.478 | E96: 18534.537 | G96: 2321.008 | H96: =SUM(B96:G96) -> 42693.023
A97: 2011 | B97: =B33+B34+B35+B36 -> 22552.241 | E97: =E33+E34+E35+E36 -> 19215.434 | G97: =G33+G34+G35+G36 -> 2280.4449 | H97: =SUM(B97:G97) -> 44048.12
A98: 2012 | B98: 23988.452 | D98: =D37+D38+D39+D40 -> 1302.274 | E98: 19614.414 | G98: 1561.779 | H98: =SUM(B98:G98) -> 46466.92
A99: 2013 | B99: 25787.838 | D99: =D41+D42+D43+D44 -> 894.16587 | E99: 19213.308 | G99: 2081.9277 | H99: =SUM(B99:G99) -> 47977.24
A100: 2014 | B100: =B45+B46+B47+B48 -> 27500.157 | D100: =D45+D46+D47+D48 -> 1930.758 | E100: =E45+E46+E47+E48 -> 21554.739 | G100: =G45+G46+G47+G48 -> 2310.219 | H100: =H45+H46+H47+H48 -> 53295.873
A101: 2015 | B101: =B49+B50+B51+B52 -> 27259.428 | D101: =D49+D50+D51+D52 -> 2135.813 | E101: =E49+E50+E51+E52 -> 22273.485 | G101: =G49+G50+G51+G52 -> 2103.1847 | H101: =H49+H50+H51+H52 -> 53771.91
A102: 2016 | B102: =B53+B54+B55+B56 -> 28026.57 | D102: =D53+D54+D55+D56 -> 2825.522 | E102: =E53+E54+E55+E56 -> 24086.418 | G102: =G53+G54+G55+G56 -> 2109.4163 | H102: =H53+H54+H55+H56 -> 57047.926
A103: 2017 | B103: =B57+B58+B59+B60 -> 29251.804 | D103: =D57+D58+D59+D60 -> 2928.2538 | E103: =E57+E58+E59+E60 -> 23584.549 | G103: =G57+G58+G59+G60 -> 2171.4551 | H103: =H57+H58+H59+H60 -> 57936.062
A104: 2018 | B104: =B61+B62+B63+B64 -> 29531.032 | D104: =D61+D62+D63+D64 -> 3418.822 | E104: =E61+E62+E63+E64 -> 23475.047 | G104: =G61+G62+G63+G64 -> 2290.191 | H104: =H61+H62+H63+H64 -> 58715.092 | Q104: מרחב נמל חיפה Haifa Port Erea | W104: מרחב נמל אשדוד Ashdod Port Erea | Z104: נמל אילת Eilat Port
A105: 2019 | B105: =B65+B66+B67+B68 -> 29084.266 | D105: =D65+D66+D67+D68 -> 3074.337 | E105: =E65+E66+E67+E68 -> 23589.92 | G105: =G65+G66+G67+G68 -> 1944.7171 | H105: =H65+H66+H67+H68 -> 57693.241 | P105: שנה | Q105: ח.נמל חיפה | R105: ממגורות | S105: דלק | T105: כימיקלים | U105: נמל המפרץ | V105: נמל מספנות | W105: ח.נמל אשדוד | X105: נמל הדרום | Y105: דלק | Z105: ח.נ אילת
A106: 2020 | B106: =B69+B70+B71+B72 -> 26797.954 | D106: =D69+D70+D71+D72 -> 4456.5885 | E106: =E69+E70+E71+E72 -> 23973.645 | G106: =G69+G70+G71+G72 -> 2224.571 | H106: =H69+H70+H71+H72 -> 57452.759 | P106: Year | Q106: Haifa | R106: Gadot | S106: Fuel | T106: Chemical | U106: SIPG | V106: shipyards | W106: Ashdod | X106: HCT | Y106: Fuel | Z106: Eilat
A107: 2021 | B107: =B73+B74+B75+B76 -> 28505.041 | C107: =C73+C74+C75+C76 -> 75.215 | D107: =D73+D74+D75+D76 -> 4805.6542 | E107: =E73+E74+E75+E76 -> 24486.618 | F107: =F73+F74+F75+F76 -> 48.8156 | G107: =G73+G74+G75+G76 -> 1843.0539 | H107: =H73+H74+H75+H76 -> 59764.398 | P107: 2021 | Q107: =Q73+Q74+Q75+Q76 -> 17239.432 | R107: =R73+R74+R75+R76 -> 3819.1643 | S107: =S73+S74+S75+S76 -> 6624.5927 | T107: =T73+T74+T75+T76 -> 821.793 | U107: =U73+U74+U75+U76 -> 75.215 | V107: =V73+V74+V75+V76 -> 4805.6542 | W107: =W73+W74+W75+W76 -> 23587.757 | X107: =X73+X74+X75+X76 -> 48.8156 | ... Z107: =Z73+Z74+Z75+Z76 -> 1843.0539 | AA107: =SUM(Q107:Z107) -> 59764.339
A108: 2022 | B108: =B77+B78+B79+B80 -> 26462.268 | C108: =C77+C78+C79+C80 -> 3904.8639 | D108: =D77+D78+D79+D80 -> 4456.614 | E108: =E77+E78+E79+E80 -> 22829.066 | F108: =F77+F78+F79+F80 -> 1205.1391 | G108: =G77+G78+G79+G80 -> 1855.0794 | H108: =H77+H78+H79+H80 -> 60713.031 | P108: 2022 | Q108: =Q77+Q78+Q79+Q80 -> 14242.856 | R108: =R77+R78+R79+R80 -> 3479.1053 | S108: =S77+S78+S79+S80 -> 7876.3558 | T108: =T77+T78+T79+T80 -> 863.951 | U108: =U77+U78+U79+U80 -> 3904.8639 | V108: =V77+V78+V79+V80 -> 4456.614 | W108: =W77+W78+W79+W80 -> 21734.363 | X108: =X77+X78+X79+X80 -> 1205.1391 | ... Z108: =Z77+Z78+Z79+Z80 -> 1855.0794 | AA108: =SUM(Q108:Z108) -> 60713.031
A109: 2023 | B109: =B81+B82+B83+B84 -> 22110.078 | C109: =C81+C82+C83+C84 -> 8589.297 | D109: =D81+D82+D83+D84 -> 3698.092 | E109: =E81+E82+E83+E84 -> 20123.272 | F109: =F81+F82+F83+F84 -> 4282.4016 | G109: =G81+G82+G83+G84 -> 1862.338 | H109: =H81+H82+H83+H84 -> 60665.479 | P109: 2023 | Q109: =Q81+Q82+Q83+Q84 -> 11662.296 | R109: =R81+R82+R83+R84 -> 2463.7512 | S109: =S81+S82+S83+S84 -> 7140.3348 | T109: =T81+T82+T83+T84 -> 843.696 | U109: =U81+U82+U83+U84 -> 8589.297 | V109: =V81+V82+V83+V84 -> 3698.092 | W109: =W81+W82+W83+W84 -> 19000.532 | X109: =X81+X82+X83+X84 -> 4282.4016 | ... Z109: =Z81+Z82+Z83+Z84 -> 1862.338 | AA109: =SUM(Q109:Z109) -> 60665.479
A110: 2024 | B110: =B85+B86+B87+B88 -> 18709.352 | C110: =C85+C86+C87+C88 -> 5249.5871 | D110: =D85+D86+D87+D88 -> 3388.7849 | E110: =E85+E86+E87+E88 -> 20454.305 | F110: =F85+F86+F87+F88 -> 5851.7868 | G110: =G85+G86+G87+G88 -> 668.841 | H110: =H85+H86+H87+H88 -> 54322.656 | P110: 2024 | Q110: =Q85+Q86+Q87+Q88 -> 9908.7161 | R110: =R85+R86+R87+R88 -> 2356.4702 | S110: =S85+S86+S87+S88 -> 5779.2244 | T110: =T85+T86+T87+T88 -> 664.941 | U110: =U85+U86+U87+U88 -> 5249.5871 | V110: =V85+V86+V87+V88 -> 3388.7849 | W110: =W85+W86+W87+W88 -> 19700.306 | X110: =X85+X86+X87+X88 -> 5851.7272 | ... Z110: =Z85+Z86+Z87+Z88 -> 668.841 | AA110: =SUM(Q110:Z110) -> 54323.301
A111: H1-2025 | B111: =B89+B90 -> 9641.3523 | C111: =C89+C90 -> 2855.9913 | D111: =D89+D90 -> 1511.7075 | E111: =E89+E90 -> 10866.182 | F111: =F89+F90 -> 3113.671 | G111: =G89+G90 -> 240.451 | H111: =H89+H90 -> 28229.355 | P111: H1-2025 | Q111: =Q89+Q90 -> 5840.4986 | R111: =R89+R90 -> 1251.6128 | S111: =S89+S90 -> 2201.0708 | T111: =T89+T90 -> 348.17 | U111: =U89+U90 -> 2855.9913 | V111: =V89+V90 -> 1511.7075 | W111: =W89+W90 -> 10469.962 | X111: =X89+X90 -> 3113.671 | ... Z111: =Z89+Z90 -> 240.451 | AA111: =SUM(Q111:Z111) -> 28229.355

Sheet סה"כ תנועת מטענים - טבלה
A1: Ministry Of Transport - Administration of Shipping & Ports | M1: משרד התחבורה - רשות הספנות והנמלים
A2: Economics and International Affairs Division | M2: אגף כלכלה וקשרי חוץ
A3: TABLE 1 : Total Traffic Cargo in Israeli Ports | M3: לוח 1: סה"כ תנועת מטענים בנמלי ישראל
A4: Thousand tons | M4: אלפי טונות
A5: נמל אילת | D5: מרחב נמל אשדוד | J5: מרחב נמל חיפה | K5: סהכ תנועות
A6: Eilat Port | B6: Ashdod Port Erea | E6: Haifa Port Erea | K6: Total Traffic
A7: ח.נ אילת | B7: דלק אשדוד | C7: נמל הדרום | D7: ח.נמל אשדוד | E7: מספנות ישראל | F7: נמל המפרץ | G7: כימיקלים | H7: דלק תש"ן | I7: דגון | J7: ח.נמל חיפה | L7: חודשים | M7: שנה
A8: Eilat | B8: Fuel Ashdod | C8: HCT | D8: Ashdod | E8: shipyards | F8: SIPG | G8: Chemical | H8: Fuel PEI | I8: Dagon | J8: Haifa | L8: months | M8: Year
A9: 1799 | D9: 15758 | J9: 18534 | K9: 36091 | M9: 2000
A10: 1696 | D10: 13630 | J10: 16731 | K10: 32057 | M10: 2001
A11: 1613 | D11: 14722 | J11: 17073 | K11: 33408 | M11: 2002
A12: 1995.4318 | D12: 14062.295 | J12: 18804.971 | K12: 34971.617 | M12: 2003
A13: 2110.4019 | D13: 14449.531 | J13: 20538.135 | K13: 37098.068 | M13: 2004
A14: 2494.077 | D14: 14227.938 | J14: 20990.633 | K14: 37712.648 | M14: 2005
A15: 1908.335 | D15: 15144 | J15: 19202 | K15: 36253.335 | M15: 2006
A16: 2534.679 | D16: 16231.865 | J16: 21456.941 | K16: 40223.485 | M16: 2007
A17: 2577.268 | D17: 15851.521 | E17: 232.33588 | J17: 22560.377 | K17: 40989.166 | M17: 2008
A18: 1759.233 | D18: 14915.267 | E18: 455.9027 | J18: 19812.792 | K18: 36943.195 | M18: 2009
A19: 2321.008 | D19: 18535.004 | E19: 719.05799 | J19: 21837.478 | K19: 43412.548 | M19: 2010
A20: 2280.4449 | D20: 19215.434 | E20: 1025.3604 | J20: 22552.241 | K20: 45073.48 | M20: 2011
A21: 1561.779 | D21: 19614.414 | E21: 1302.274 | J21: 23988.116 | K21: 46466.584 | M21: 2012
A22: 2081.9277 | D22: 19213.56 | E22: 1666.892 | J22: 25787.838 | K22: 48750.218 | M22: 2013
A23: 2310.219 | D23: 21554.739 | E23: 1930.758 | J23: 27500.157 | K23: 53295.873 | M23: 2014
A24: 2103.1847 | D24: 22273.485 | E24: 2135.813 | J24: 27259.427 | K24: 53771.91 | M24: 2015
A25: 2109.4163 | D25: 24086.418 | E25: 2825.522 | J25: 28026.57 | K25: 57047.926 | M25: 2016
A26: 2171.4551 | D26: 23584.549 | E26: 2928.2534 | J26: 29251.804 | K26: 57936.062 | M26: 2017
A27: 2290.065 | D27: 23475.047 | E27: 3418.822 | J27: 29531.032 | K27: 58714.966 | M27: 2018
A28: 1944.7171 | D28: 23589.92 | E28: 3074.337 | J28: 29084.266 | K28: 57693.241 | M28: 2019
A29: 2224.571 | D29: 23973.646 | E29: 4456.5525 | J29: 26797.954 | K29: 57452.724 | M29: 2020
A30: =A275+A279+A283+A287 -> 1843.0539 | B30: =B275+B279+B283+B287 -> 898.86152 | C30: =C275+C279+C283+C287 -> 48.8156 | D30: =D275+D279+D283+D287 -> 23587.757 | E30: =E275+E279+E283+E287 -> 4805.6542 | F30: =F275+F279+F283+F287 -> 75.215 | G30: =G275+G279+G283+G287 -> 821.793 | H30: =H275+H279+H283+H287 -> 6624.5927 | ... K30: =K275+K279+K283+K287 -> 59764.339 | M30: 2021
A31: =A292+A296+A300+A304 -> 1855.0794 | B31: =B292+B296+B300+B304 -> 1094.7029 | C31: =C292+C296+C300+C304 -> 1205.1391 | D31: =D292+D296+D300+D304 -> 21734.585 | E31: =E292+E296+E300+E304 -> 4456.614 | F31: =F292+F296+F300+F304 -> 3904.8639 | G31: =G292+G296+G300+G304 -> 863.951 | H31: =H292+H296+H300+H304 -> 7876.3558 | ... K31: =K292+K296+K300+K304 -> 60713.253 | M31: 2022
A32: =A309+A313+A317+A321 -> 1862.338 | B32: =B309+B313+B317+B321 -> 1122.7401 | C32: =C309+C313+C317+C321 -> 4282.4016 | D32: =D309+D313+D317+D321 -> 19000.532 | E32: =E309+E313+E317+E321 -> 3698.092 | F32: =F309+F313+F317+F321 -> 8589.297 | G32: =G309+G313+G317+G321 -> 843.696 | H32: =H309+H313+H317+H321 -> 7140.3348 | ... K32: =K309+K313+K317+K321 -> 60665.479 | M32: 2023
A33: =A326+A330+A334+A338 -> 668.841 | B33: =B326+B330+B334+B338 -> 754.70234 | C33: =C326+C330+C334+C338 -> 5851.7868 | D33: =D326+D330+D334+D338 -> 19699.602 | E33: =E326+E330+E334+E338 -> 3388.7849 | F33: =F326+F330+F334+F338 -> 5249.5871 | G33: =G326+G330+G334+G338 -> 664.941 | H33: =H326+H330+H334+H338 -> 5779.2244 | ... K33: =K326+K330+K334+K338 -> 54322.656 | M33: 2024
A34: =A343+A347+A348+A349 -> 320.219 | B34: =B343+B347+B348+B349 -> 559.27564 | C34: =C343+C347+C348+C349 -> 4632.5953 | D34: =D343+D347+D348+D349 -> 13949.19 | E34: =E343+E347+E348+E349 -> 2179.0177 | F34: =F343+F347+F348+F349 -> 3814.064 | G34: =G343+G347+G348+G349 -> 387.236 | H34: =H343+H347+H348+H349 -> 2390.0027 | ... K34: =K343+K347+K348+K349 -> 37347.082 | L34: 01-08 | M34: 2025
A36: 653.994 | D36: 3564.118 | J36: 4867.1175 | K36: 9085.2295 | L36: 01-03 | M36: 2005
A37: 477.067 | D37: 3807.278 | J37: 5645.127 | K37: 9929.472 | L37: 04-06
A38: 728.321 | D38: 3498.093 | J38: 5398.75 | K38: 9625.164 | L38: 07-09
A39: 634.695 | D39: 3358.449 | J39: 5079.639 | K39: 9072.783 | L39: 10-12
A41: 302.335 | D41: 3412 | J41: 4941 | K41: 8654.335 | L41: 01-03 | M41: 2006
A42: 435 | D42: 3668 | J42: 5525 | K42: 9628 | L42: 04-06
A43: 449 | D43: 4270 | J43: 3934 | K43: 8653 | L43: 07-09
A44: 722 | D44: 3794 | J44: 4802 | K44: 9318 | L44: 10-12
A46: 558.786 | D46: 3672.378 | J46: 5197.724 | K46: 9428.888 | L46: 01-03 | M46: 2007
A47: 559.938 | D47: 4157.771 | J47: 5308.923 | K47: 10026.632 | L47: 04-06
A48: 746.757 | D48: 3986.189 | J48: 5270.617 | K48: 10003.563 | L48: 07-09
A49: 669.198 | D49: 4415.527 | J49: 5679.677 | K49: 10764.402 | L49: 10-12
A51: 268.934 | D51: 1222.14 | J51: 1856.057 | K51: 3347.131 | L51: 01 | M51: 2008
A52: 201.199 | D52: 1471.853 | J52: 2053.846 | K52: 3726.898 | L52: 02
A53: 257.785 | D53: 1536.763 | J53: 2022.991 | K53: 3817.539 | L53: 03
A54: 727.918 | D54: 4230.756 | J54: 5932.894 | K54: 10891.568 | L54: 01-03 | M54: 2008
A55: 236.261 | D55: 1444.498 | J55: 2137.745 | K55: 3818.504 | L55: 04
A56: 223.41 | D56: 1366.88 | J56: 2005.881 | K56: 3596.171 | L56: 05
A57: 265.509 | D57: 1437.048 | J57: 2095.213 | K57: 3797.77 | L57: 06
A58: 725.18 | D58: 4248.426 | J58: 6238.839 | K58: 11212.445 | L58: 04-06
A59: 214.203 | D59: 1331.592 | J59: 2129.178 | K59: 3674.973 | L59: 07
A60: 253.655 | D60: 1364.959 | J60: 1711.695 | K60: 3330.309 | L60: 08
A61: 214.865 | D61: 1125.142 | J61: 1408.881 | K61: 2748.888 | L61: 09
A62: 682.723 | D62: 3821.693 | J62: 5249.754 | K62: 9754.17 | L62: 07-09
A63: 174.679 | D63: 1338.972 | J63: 1686.832 | K63: 3200.483 | L63: 10
A64: 164.186 | D64: 1240.35 | J64: 1714.676 | K64: 3119.212 | L64: 11
A65: 102.582 | D65: 971.324 | J65: 1737.382 | K65: 2811.288 | L65: 12
A66: 441.447 | D66: 3550.646 | J66: 5138.89 | K66: 9130.983 | L66: 10-12
A68: 85.045 | D68: 789.324 | E68: 25.102 | J68: 1575.343 | K68: 2474.814 | L68: 01
A69: 50.495 | D69: 967.407 | E69: 40.991 | J69: 1212.838 | K69: 2271.731 | L69: 02
A70: 163.359 | D70: 1331.155 | E70: 36.109 | J70: 1785.073 | K70: 3315.696 | L70: 03
A71: 298.899 | D71: 3087.886 | E71: 102.202 | J71: 4573.254 | K71: 8062.241 | L71: 01-03 | M71: 2009
A72: 125.269 | D72: 1169.886 | E72: 54.353 | J72: 1769.23 | K72: 3118.738 | L72: 04
A73: 117.119 | D73: 1214.213 | E73: 34.298 | J73: 1813.838 | K73: 3179.468 | L73: 05
A74: 106.398 | D74: 1225.146 | E74: 42.329 | J74: 1688.466 | K74: 3062.339 | L74: 06
A75: 348.786 | D75: 3609.245 | E75: 130.98 | J75: 5271.534 | K75: 9360.545 | L75: 04-06
A76: 31.594 | D76: 1488.748 | E76: 38.158 | J76: 1763.813 | K76: 3322.313 | L76: 07
A77: 242.151 | D77: 1447.61 | E77: 58.638 | J77: 1733.596 | K77: 3481.995 | L77: 08
A78: 199.81 | D78: 1232.531 | E78: 21.325 | J78: 1469.086 | K78: 2922.752 | L78: 09
A79: 473.555 | D79: 4168.889 | E79: 118.121 | J79: 4966.495 | K79: 9727.06 | L79: 07-09
A80: 215.732 | D80: 1254.503 | E80: 26.048 | J80: 1692.932 | K80: 3189.215 | L80: 10
A81: 238.12 | D81: 1408.462 | E81: 39.1927 | J81: 1596.689 | K81: 3282.4637 | L81: 11
A82: 184.141 | D82: 1386.282 | E82: 39.359 | J82: 1711.888 | K82: 3321.67 | L82: 12
A83: 637.993 | D83: 4049.247 | E83: 104.5997 | J83: 5001.509 | K83: 9793.3487 | L83: 10-12
A85: 194.636 | D85: 1487.386 | E85: 31.87947 | J85: 1674.912 | K85: 3388.8135 | L85: 01 | M85: 2010
A86: 159.852 | D86: 1507.974 | E86: 29.618 | J86: 1615.84 | K86: 3313.284 | L86: 02
A87: 237.368 | D87: 1677.514 | E87: 64.65 | J87: 1954.48 | K87: 3934.012 | L87: 03
A88: 591.856 | D88: 4672.874 | E88: 126.14747 | J88: 5245.232 | K88: 10636.109 | L88: 01-03 | M88: 2010
A89: 152.889 | D89: 1634.874 | E89: 91.537 | J89: 1877.809 | K89: 3757.109 | L89: 04
A90: 256.973 | D90: 1653.914 | E90: 48.51582 | J90: 1899.701 | K90: 3859.1038 | L90: 05
A91: 217.668 | D91: 1640.101 | E91: 53.642 | J91: 1939.198 | K91: 3850.609 | L91: 06
A92: 627.53 | D92: 4928.889 | E92: 193.69482 | J92: 5716.708 | K92: 11466.822 | L92: 04-06
A93: 114.29 | D93: 1443.589 | E93: 54.97493 | J93: 1990.747 | K93: 3603.6009 | L93: 07
A94: 234.05 | D94: 1589.659 | E94: 66.744 | J94: 1936.847 | K94: 3827.3 | L94: 08
A95: 196.002 | D95: 1201.755 | E95: 49.436 | J95: 1774.372 | K95: 3221.565 | L95: 09
A96: 544.342 | D96: 4235.003 | E96: 171.15493 | J96: 5701.966 | K96: 10652.466 | L96: 07-09
A97: 226.903 | D97: 1581.262 | E97: 67.76324 | J97: 1767.6993 | K97: 3643.6275 | L97: 10
A98: 227.317 | D98: 1548.865 | E98: 78.908 | J98: 1721.2412 | K98: 3576.3312 | L98: 11
A99: 103.06 | D99: 1568.111 | E99: 81.38953 | J99: 1684.6319 | K99: 3437.1924 | L99: 12
A100: 557.28 | D100: 4698.238 | E100: 228.06077 | J100: 5173.5724 | K100: 10657.151 | L100: 10-12
A102: 119.0712 | D102: 1448.7052 | E102: 82.436 | J102: 1525.1705 | K102: 3175.3829 | L102: 01 | M102: 2011
A103: 105.308 | D103: 1526.4292 | E103: 75.1994 | J103: 1737.4248 | K103: 3444.3614 | L103: 02
A104: 228.592 | D104: 1992.5984 | E104: 79.988 | J104: 2080.6368 | K104: 4381.8152 | L104: 03
A105: 452.9712 | D105: 4967.7328 | E105: 237.6234 | J105: 5343.2321 | K105: 11001.559 | L105: 01-03 | M105: 2011
A106: 141.897 | D106: 1612.1251 | E106: 62.813 | J106: 1911.0605 | K106: 3727.8956 | L106: 04
A107: 195.915 | D107: 1639.2178 | E107: 115.36 | J107: 2014.7001 | K107: 3965.1929 | L107: 05
...

Sheet סה"כ פריקת מטענים - טבלה 
A1: Ministry Of Transport - Administration of Shipping & Ports | M1: משרד התחבורה - רשות הספנות והנמלים
A2: Economics and International Affairs Division | M2: אגף כלכלה וקשרי חוץ
A3: TABLE 1 : Total Discharge Cargo in Israeli Ports | M3: לוח 1 : סה"כ פריקת מטענים בנמלי ישראל
A4: Thousand tons | M4: אלפי טונות
A5: נמל אילת | D5: מרחב נמל אשדוד | J5: מרחב נמל חיפה | K5: סהכ פריקה
A6: Eilat Port | B6: Ashdod Port Erea | E6: Haifa Port Erea | K6: Total Discharge
A7: ח.נ אילת | B7: דלק אשדוד | C7: נמל הדרום | D7: ח.נמל אשדוד | E7: מספנות ישראל | F7: נמל המפרץ | G7: כימיקלים | H7: דלק תש"ן | I7: דגון | J7: ח.נמל חיפה | L7: חודשים | M7: שנה
A8: Eilat | B8: Fuel Ashdod | C8: HCT | D8: Ashdod | E8: shipyards | F8: SIPG | G8: Chemical | H8: Fuel PEI | I8: Dagon | J8: Haifa | L8: months | M8: Year
A9: 254 | D9: 10499 | J9: 11472 | K9: =J9+D9+A9 -> 22225 | M9: 2000
A10: 258 | D10: 8389 | J10: 10072 | K10: =J10+D10+A10 -> 18719 | M10: 2001
A11: 200 | D11: 9250 | J11: 10094 | K11: =J11+D11+A11 -> 19544 | M11: 2002
A12: 234.9648 | D12: 8885.3984 | J12: 10775.365 | K12: =J12+D12+A12 -> 19895.728 | M12: 2003
A13: 326.016 | D13: 8727.6761 | J13: 12337.941 | K13: =J13+D13+A13 -> 21391.633 | M13: 2004
A14: =SUM(A36:A39) -> 291.321 | D14: =SUM(D36:D39) -> 8874.972 | J14: =SUM(J36:J39) -> 11911.177 | K14: =J14+D14+A14 -> 21077.47 | M14: 2005
A15: 269 | D15: 9626 | J15: 10508 | K15: =J15+D15+A15 -> 20403 | M15: 2006
A16: =SUM(A46:A49) -> 224.99 | D16: =SUM(D46:D49) -> 10105.497 | J16: =SUM(J46:J49) -> 12145.549 | K16: =J16+D16+A16 -> 22476.036 | M16: 2007
A17: =A54+A58+A62+A66 -> 220.335 | D17: =D54+D58+D62+D66 -> 10047.229 | E17: 232.33588 | J17: =J54+J58+J62+J66 -> 12589.633 | K17: =J17+E17+D17+A17 -> 23089.533 | M17: 2008
A18: =A71+A75+A79+A83 -> 173.582 | D18: =D71+D75+D79+D83 -> 9997.253 | E18: =E71+E75+E79+E83 -> 436.4007 | J18: =J71+J75+J79+J83 -> 10937.204 | K18: =J18+E18+D18+A18 -> 21544.44 | M18: 2009
A19: =A88+A92+A96+A100 -> 66.271 | D19: =D88+D92+D96+D100 -> 11227.143 | E19: =E88+E92+E96+E100 -> 709.82099 | J19: =J88+J92+J96+J100 -> 12140.031 | K19: =J19+E19+D19+A19 -> 24143.266 | M19: 2010
A20: =A105+A109+A113+A117 -> 161.1249 | D20: =D105+D109+D113+D117 -> 11990.761 | E20: =E105+E109+E113+E117 -> 1000.7894 | J20: =J105+J109+J113+J117 -> 12330.989 | K20: =J20+E20+D20+A20 -> 25483.664 | M20: 2011
A21: =A122+A126+A130+A134 -> 105.57 | D21: =D122+D126+D130+D134 -> 12382.74 | E21: =E122+E126+E130+E134 -> 1270.11 | J21: =J122+J126+J130+J134 -> 13278.68 | K21: =J21+E21+D21+A21 -> 27037.101 | M21: 2012
A22: =A139+A143+A147+A151 -> 160.61696 | D22: =D139+D143+D147+D151 -> 12384.553 | E22: =E139+E143+E147+E151 -> 1655.099 | J22: =J139+J143+J147+J151 -> 14086.853 | K22: =J22+E22+D22+A22 -> 28287.121 | M22: 2013
A23: =A156+A160+A164+A168 -> 184.1447 | D23: =D156+D160+D164+D168 -> 13290.384 | E23: =E156+E160+E164+E168 -> 1913.903 | J23: =J156+J160+J164+J168 -> 16623.139 | K23: =J23+E23+D23+A23 -> 32011.57 | M23: 2014
A24: =A173+A177+A181+A185 -> 211.91207 | D24: =D173+D177+D181+D185 -> 14324.833 | E24: =E173+E177+E181+E185 -> 2130.103 | J24: =J173+J177+J181+J185 -> 16932.104 | K24: =J24+E24+D24+A24 -> 33598.952 | M24: 2015
A25: =A190+A194+A198+A202 -> 218.293 | D25: =D190+D194+D198+D202 -> 15392.293 | E25: =E190+E194+E198+E202 -> 2823.185 | J25: =J190+J194+J198+J202 -> 17876.584 | K25: =J25+E25+D25+A25 -> 36310.356 | M25: 2016
A26: =A207+A211+A215+A219 -> 153.34512 | D26: =D207+D211+D215+D219 -> 15209.327 | E26: =E207+E211+E215+E219 -> 2928.1174 | J26: =J207+J211+J215+J219 -> 19139.522 | K26: =J26+E26+D26+A26 -> 37430.311 | M26: 2017
A27: =A224+A228+A232+A236 -> 175.799 | D27: =D224+D228+D232+D236 -> 15772.47 | E27: =E224+E228+E232+E236 -> 3416.685 | J27: =J224+J228+J232+J236 -> 19116.754 | K27: =J27+E27+D27+A27 -> 38481.708 | M27: 2018
A28: =A241+A245+A249+A253 -> 193.747 | D28: =D241+D245+D249+D253 -> 15838.642 | E28: =E241+E245+E249+E253 -> 3074.337 | J28: =J241+J245+J249+J253 -> 18976.427 | K28: =J28+E28+D28+A28 -> 38083.153 | M28: 2019
A29: =A258+A262+A266+A270 -> 149.168 | D29: =D258+D262+D266+D270 -> 16065.036 | E29: =E258+E262+E266+E270 -> 4456.5525 | J29: =J258+J262+J266+J270 -> 17658.561 | K29: =J29+E29+D29+A29 -> 38329.318 | M29: 2020
A30: =A275+A279+A283+A287 -> 210.6589 | B30: =B275+B279+B283+B287 -> 87.328206 | C30: =C275+C279+C283+C287 -> 0 | D30: =D275+D279+D283+D287 -> 16220.35 | E30: =E275+E279+E283+E287 -> 4805.6542 | F30: =F275+F279+F283+F287 -> 4.48 | G30: =G275+G279+G283+G287 -> 448.139 | H30: =H275+H279+H283+H287 -> 3311.9168 | ... K30: =K275+K279+K283+K287 -> 40624.043 | M30: 2021
A31: =A292+A296+A300+A304 -> 308.1324 | B31: =B292+B296+B300+B304 -> 237.3104 | C31: =C292+C296+C300+C304 -> 937.9179 | D31: =D292+D296+D300+D304 -> 14766.205 | E31: =E292+E296+E300+E304 -> 4456.614 | F31: =F292+F296+F300+F304 -> 2450.8953 | G31: =G292+G296+G300+G304 -> 420.474 | H31: =H292+H296+H300+H304 -> 4459.8742 | ... K31: =K292+K296+K300+K304 -> 41466.58 | M31: 2022
A32: =A309+A313+A317+A321 -> 279.718 | B32: =B309+B313+B317+B321 -> 71.964677 | C32: =C309+C313+C317+C321 -> 3354.3896 | D32: =D309+D313+D317+D321 -> 12641.866 | E32: =E309+E313+E317+E321 -> 3697.701 | F32: =F309+F313+F317+F321 -> 4807.0037 | G32: =G309+G313+G317+G321 -> 413.623 | H32: =H309+H313+H317+H321 -> 4366.1267 | ... K32: =K309+K313+K317+K321 -> 40987.632 | M32: 2023
A33: =A326+A330+A334+A338 -> 25.461 | B33: =B326+B330+B334+B338 -> 62.756288 | C33: =C326+C330+C334+C338 -> 4171.1275 | D33: =D326+D330+D334+D338 -> 12742.149 | E33: =E326+E330+E334+E338 -> 3388.7849 | F33: =F326+F330+F334+F338 -> 3117.8812 | G33: =G326+G330+G334+G338 -> 302.136 | H33: =H326+H330+H334+H338 -> 3343.8513 | ... K33: =K326+K330+K334+K338 -> 36942.536 | M33: 2024
A34: =A343+A347+A348+A349 -> 0 | B34: =B343+B347+B348+B349 -> 32.856242 | C34: =C343+C347+C348+C349 -> 3416.1395 | D34: =D343+D347+D348+D349 -> 9315.2181 | E34: =E343+E347+E348+E349 -> 2179.0177 | F34: =F343+F347+F348+F349 -> 2366.5825 | G34: =G343+G347+G348+G349 -> 183.211 | H34: =H343+H347+H348+H349 -> 1449.2199 | ... K34: =K343+K347+K348+K349 -> 26342.116 | L34: 01-08 | M34: 2025
A36: 53.226 | D36: 2105.006 | J36: 2822.7655 | K36: =J36+D36+A36 -> 4980.9975 | L36: 01-03 | M36: 2005
A37: 85.207 | D37: 2220.072 | J37: 3087.518 | K37: =J37+D37+A37 -> 5392.797 | L37: 04-06
A38: 76.459 | D38: 2304.379 | J38: 3041.695 | K38: =J38+D38+A38 -> 5422.533 | L38: 07-09
A39: 76.429 | D39: 2245.515 | J39: 2959.199 | K39: =J39+D39+A39 -> 5281.143 | L39: 10-12
A41: 49 | D41: 2240 | J41: 2719 | K41: =J41+D41+A41 -> 5008 | L41: 01-03 | M41: 2006
A42: 79 | D42: 2374 | J42: 2837 | K42: =J42+D42+A42 -> 5290 | L42: 04-06
A43: 71 | D43: 2667 | J43: 2190 | K43: =J43+D43+A43 -> 4928 | L43: 07-09
A44: 70 | D44: 2345 | J44: 2762 | K44: =J44+D44+A44 -> 5177 | L44: 10-12
A46: 44.623 | D46: 2274.666 | J46: 2984.098 | K46: =J46+D46+A46 -> 5303.387 | L46: 01-03 | M46: 2007
A47: 83.253 | D47: 2441.039 | J47: 2871.126 | K47: =J47+D47+A47 -> 5395.418 | L47: 04-06
A48: 57.075 | D48: 2609.719 | J48: 3076.151 | K48: =J48+D48+A48 -> 5742.945 | L48: 07-09
A49: 40.039 | D49: 2780.073 | J49: 3214.174 | K49: =J49+D49+A49 -> 6034.286 | L49: 10-12
A51: 25.5 | D51: 670.055 | J51: 1006.924 | K51: =J51+D51+A51 -> 1702.479 | L51: 01 | M51: 2008
A52: 21.132 | D52: 882.079 | J52: 1239.833 | K52: =J52+D52+A52 -> 2143.044 | L52: 02
A53: 12.699 | D53: 868.672 | J53: 1033.24 | K53: =J53+D53+A53 -> 1914.611 | L53: 03
A54: =SUM(A51:A53) -> 59.331 | D54: =SUM(D51:D53) -> 2420.806 | J54: =SUM(J51:J53) -> 3279.997 | K54: =J54+D54+A54 -> 5760.134 | L54: 01-03 | M54: 2008
A55: 20.588 | D55: 892.626 | J55: 1247.991 | K55: =J55+D55+A55 -> 2161.205 | L55: 04
A56: 19.674 | D56: 815.45 | J56: 1041.246 | K56: =J56+D56+A56 -> 1876.37 | L56: 05
A57: 12.868 | D57: 799.288 | J57: 1192.565 | K57: =J57+D57+A57 -> 2004.721 | L57: 06
A58: =SUM(A55:A57) -> 53.13 | D58: =SUM(D55:D57) -> 2507.364 | J58: =SUM(J55:J57) -> 3481.802 | K58: =J58+D58+A58 -> 6042.296 | L58: 04-06
A59: 22.611 | D59: 836.295 | J59: 1194.45 | K59: =J59+D59+A59 -> 2053.356 | L59: 07
A60: 12.826 | D60: 869.23 | J60: 992.681 | K60: =J60+D60+A60 -> 1874.737 | L60: 08
A61: 11.685 | D61: 792.576 | J61: 870.068 | K61: =J61+D61+A61 -> 1674.329 | L61: 09
A62: =SUM(A59:A61) -> 47.122 | D62: =SUM(D59:D61) -> 2498.101 | J62: =SUM(J59:J61) -> 3057.199 | K62: =J62+D62+A62 -> 5602.422 | L62: 07-09
A63: 13.303 | D63: 969.484 | J63: 955.455 | K63: =J63+D63+A63 -> 1938.242 | L63: 10
A64: 25.953 | D64: 930.335 | J64: 933.208 | K64: =J64+D64+A64 -> 1889.496 | L64: 11
A65: 21.496 | D65: 721.139 | J65: 881.972 | K65: =J65+D65+A65 -> 1624.607 | L65: 12
A66: =SUM(A63:A65) -> 60.752 | D66: =SUM(D63:D65) -> 2620.958 | J66: =SUM(J63:J65) -> 2770.635 | K66: =J66+D66+A66 -> 5452.345 | L66: 10-12
A68: 16.992 | D68: 544.316 | E68: 25.102 | J68: 869.095 | K68: =J68+E68+D68+A68 -> 1455.505 | L68: 01
A69: 19.34 | D69: 703.774 | E69: 40.991 | J69: 575.604 | K69: =J69+E69+D69+A69 -> 1339.709 | L69: 02
A70: 15.135 | D70: 859.022 | E70: 36.109 | J70: 948.021 | K70: =J70+E70+D70+A70 -> 1858.287 | L70: 03
A71: =SUM(A68:A70) -> 51.467 | D71: =SUM(D68:D70) -> 2107.112 | E71: =SUM(E68:E70) -> 102.202 | J71: =SUM(J68:J70) -> 2392.72 | K71: =J71+E71+D71+A71 -> 4653.501 | L71: 01-03 | M71: 2009
A72: 15.022 | D72: 787.173 | E72: 34.851 | J72: 988.668 | K72: =J72+E72+D72+A72 -> 1825.714 | L72: 04
A73: 10.119 | D73: 749.479 | E73: 34.298 | J73: 966.951 | K73: =J73+E73+D73+A73 -> 1760.847 | L73: 05
A74: 10.627 | D74: 822.945 | E74: 42.329 | J74: 1012.614 | K74: =J74+E74+D74+A74 -> 1888.515 | L74: 06
A75: =SUM(A72:A74) -> 35.768 | D75: =SUM(D72:D74) -> 2359.597 | E75: 111.478 | J75: =SUM(J72:J74) -> 2968.233 | K75: =J75+E75+D75+A75 -> 5475.076 | L75: 04-06
A76: 8.47 | D76: 999.441 | E76: 38.158 | J76: 1073.964 | K76: =J76+E76+D76+A76 -> 2120.033 | L76: 07
A77: 13.594 | D77: 976.068 | E77: 58.638 | J77: 958.759 | K77: =J77+E77+D77+A77 -> 2007.059 | L77: 08
A78: 8.058 | D78: 823.406 | E78: 21.325 | J78: 860.856 | K78: =J78+E78+D78+A78 -> 1713.645 | L78: 09
A79: =SUM(A76:A78) -> 30.122 | D79: =SUM(D76:D78) -> 2798.915 | E79: =SUM(E76:E78) -> 118.121 | J79: =SUM(J76:J78) -> 2893.579 | K79: =J79+E79+D79+A79 -> 5840.737 | L79: 07-09
A80: 29.005 | D80: 850.605 | E80: 26.048 | J80: 860.963 | K80: =J80+E80+D80+A80 -> 1766.621 | L80: 10
A81: 13.22 | D81: 1001.921 | E81: 39.1927 | J81: 907.916 | K81: =J81+E81+D81+A81 -> 1962.2497 | L81: 11
A82: 14 | D82: 879.103 | E82: 39.359 | J82: 913.793 | K82: =J82+E82+D82+A82 -> 1846.255 | L82: 12
A83: =SUM(A80:A82) -> 56.225 | D83: =SUM(D80:D82) -> 2731.629 | E83: =SUM(E80:E82) -> 104.5997 | J83: =SUM(J80:J82) -> 2682.672 | K83: =J83+E83+D83+A83 -> 5575.1257 | L83: 10-12
A85: 15.2 | D85: 923.496 | E85: 31.87947 | J85: 968.311 | K85: =J85+E85+D85+A85 -> 1938.8865 | L85: 01 | M85: 2010
A86: 3.3 | D86: 863.818 | E86: 29.618 | J86: 887.369 | K86: =J86+E86+D86+A86 -> 1784.105 | L86: 02
A87: 5.122 | D87: 951.041 | E87: 64.65 | J87: 1029.631 | K87: =J87+E87+D87+A87 -> 2050.444 | L87: 03
A88: =SUM(A85:A87) -> 23.622 | D88: =SUM(D85:D87) -> 2738.355 | E88: =SUM(E85:E87) -> 126.14747 | J88: =SUM(J85:J87) -> 2885.311 | K88: =J88+E88+D88+A88 -> 5773.4355 | L88: 01-03 | M88: 2010
A89: 3.8 | D89: 983.44 | E89: 91.537 | J89: 921.729 | K89: =J89+E89+D89+A89 -> 2000.506 | L89: 04
A90: 2.55 | D90: 930.582 | E90: 48.51582 | J90: 988.212 | K90: =J90+E90+D90+A90 -> 1969.8598 | L90: 05
A91: 2.5 | D91: 1051.77 | E91: 53.642 | J91: 961.853 | K91: =J91+E91+D91+A91 -> 2069.765 | L91: 06
A92: =SUM(A89:A91) -> 8.85 | D92: =SUM(D89:D91) -> 2965.792 | E92: =SUM(E89:E91) -> 193.69482 | J92: =SUM(J89:J91) -> 2871.794 | K92: =J92+E92+D92+A92 -> 6040.1308 | L92: 04-06
A93: 0.26 | D93: 923.461 | E93: 54.97493 | J93: 1074.937 | K93: =J93+E93+D93+A93 -> 2053.6329 | L93: 07
A94: 0.221 | D94: 1040.585 | E94: 66.744 | J94: 1066.652 | K94: =J94+E94+D94+A94 -> 2174.202 | L94: 08
A95: 0.235 | D95: 725.902 | E95: 49.436 | J95: 1011.028 | K95: =J95+E95+D95+A95 -> 1786.601 | L95: 09
A96: =SUM(A93:A95) -> 0.716 | D96: =SUM(D93:D95) -> 2689.948 | E96: =SUM(E93:E95) -> 171.15493 | J96: =SUM(J93:J95) -> 3152.617 | K96: =J96+E96+D96+A96 -> 6014.4359 | L96: 07-09
A97: 4.947 | D97: 996.317 | E97: 67.76324 | J97: 1074.0616 | K97: =J97+E97+D97+A97 -> 2143.0888 | L97: 10
A98: 14.884 | D98: 885.714 | E98: 78.908 | J98: 1063.9053 | K98: =J98+E98+D98+A98 -> 2043.4113 | L98: 11
A99: 13.252 | D99: 951.017 | E99: 72.15253 | J99: 1092.3426 | K99: =J99+E99+D99+A99 -> 2128.7641 | L99: 12
A100: =SUM(A97:A99) -> 33.083 | D100: =SUM(D97:D99) -> 2833.048 | E100: =SUM(E97:E99) -> 218.82377 | J100: =SUM(J97:J99) -> 3230.3095 | K100: =J100+E100+D100+A100 -> 6315.2643 | L100: 10-12
A102: 12.7942 | D102: 932.9986 | E102: 82.436 | J102: 902.8046 | K102: =J102+E102+D102+A102 -> 1931.0334 | L102: 01 | M102: 2011
A103: 14.126 | D103: 1006.2698 | E103: 73.8774 | J103: 970.5803 | K103: =J103+E103+D103+A103 -> 2064.8535 | L103: 02
A104: 13.27 | D104: 1076.3654 | E104: 79.962 | J104: 1114.5955 | K104: =J104+E104+D104+A104 -> 2284.1929 | L104: 03
A105: =SUM(A102:A104) -> 40.1902 | D105: =SUM(D102:D104) -> 3015.6338 | E105: =SUM(E102:E104) -> 236.2754 | J105: =SUM(J102:J104) -> 2987.9804 | K105: =J105+E105+D105+A105 -> 6280.0798 | L105: 01-03 | M105: 2011
A106: 11.607 | D106: 953.621 | E106: 62.813 | J106: 1001.9959 | K106: =J106+E106+D106+A106 -> 2030.0369 | L106: 04
A107: 12.588 | D107: 985.6031 | E107: 115.36 | J107: 1152.5658 | K107: =J107+E107+D107+A107 -> 2266.1169 | L107: 05
...

Sheet סה"כ טעינת מטענים - טבלה
A1: Ministry Of Transport - Administration of Shipping & Ports | M1: משרד התחבורה - רשות הספנות והנמלים
A2: Economics and International Affairs Division | M2: אגף כלכלה וקשרי חוץ
A3: TABLE 1 : Total Charge Cargo in Israeli Ports | M3: לוח 1 : סה"כ טעינת מטענים בנמלי ישראל
A4: Thousand tons | M4: אלפי טונות
A5: נמל אילת | D5: מרחב נמל אשדוד | J5: מרחב נמל חיפה | K5: סהכ טעינה
A6: Eilat Port | B6: Ashdod Port Erea | E6: Haifa Port Erea | K6: Total Charge
A7: ח.נ אילת | B7: דלק אשדוד | C7: נמל הדרום | D7: ח.נמל אשדוד | E7: מספנות ישראל | F7: נמל המפרץ | G7: כימיקלים | H7: דלק תש"ן | I7: דגון | J7: ח.נמל חיפה | L7: חודשים | M7: שנה
A8: Eilat | B8: Fuel Ashdod | C8: HCT | D8: Ashdod | E8: shipyards | F8: SIPG | G8: Chemical | H8: Fuel PEI | I8: Dagon | J8: Haifa | L8: months | M8: Year
A9: 1545 | D9: 5259 | J9: 7062 | M9: 2000
A10: 1438 | D10: 5241 | J10: 6658 | M10: 2001
A11: 1413 | D11: 5471 | J11: 6979 | M11: 2002
A12: 1760.467 | D12: 5176.897 | J12: 8029.6062 | M12: 2003
A13: 1784.3859 | D13: 5721.8554 | J13: 8200.1941 | M13: 2004
A14: =SUM(A36:A39) -> 2202.756 | D14: =SUM(D36:D39) -> 5352.966 | J14: =SUM(J36:J39) -> 9079.456 | M14: 2005
A15: 1639.335 | D15: 5516 | J15: 8693 | M15: 2006
A16: =SUM(A46:A49) -> 2309.689 | D16: =SUM(D46:D49) -> 6126.368 | J16: =SUM(J46:J49) -> 9311.392 | M16: 2007
A17: =A54+A58+A62+A66 -> 2356.933 | D17: =D54+D58+D62+D66 -> 5804.292 | E17: 0 | J17: =J54+J58+J62+J66 -> 9970.744 | M17: 2008
A18: =A71+A75+A79+A83 -> 1585.651 | D18: =D71+D75+D79+D83 -> 4918.014 | E18: =E71+E75+E79+E83 -> 19.502 | J18: =J71+J75+J79+J83 -> 8875.588 | M18: 2009
A19: =A88+A92+A96+A100 -> 2254.737 | D19: =D88+D92+D96+D100 -> 7307.861 | E19: =E88+E92+E96+E100 -> 9.237 | J19: =J88+J92+J96+J100 -> 9697.4469 | K19: =J19+E19+D19+A19 -> 19269.282 | M19: 2010
A20: =A105+A109+A113+A117 -> 2119.32 | D20: =D105+D109+D113+D117 -> 7224.6731 | E20: =E105+E109+E113+E117 -> 24.571 | J20: =J105+J109+J113+J117 -> 10221.252 | K20: =J20+E20+D20+A20 -> 19589.816 | M20: 2011
A21: =A122+A126+A130+A134 -> 1456.209 | D21: =D122+D126+D130+D134 -> 7231.6741 | E21: =E122+E126+E130+E134 -> 32.164 | J21: =J122+J126+J130+J134 -> 10709.436 | K21: =J21+E21+D21+A21 -> 19429.483 | M21: 2012
A22: =A139+A143+A147+A151 -> 1921.3107 | D22: =D139+D143+D147+D151 -> 6829.0077 | E22: =E139+E143+E147+E151 -> 11.793 | J22: =J139+J143+J147+J151 -> 11700.985 | K22: =J22+E22+D22+A22 -> 20463.097 | M22: 2013
A23: =A156+A160+A164+A168 -> 2126.0743 | D23: =D156+D160+D164+D168 -> 8264.3546 | E23: =E156+E160+E164+E168 -> 16.855 | J23: =J156+J160+J164+J168 -> 10877.018 | K23: =J23+E23+D23+A23 -> 21284.302 | M23: 2014
A24: =A173+A177+A181+A185 -> 1891.2727 | D24: =D173+D177+D181+D185 -> 7948.6514 | E24: =E173+E177+E181+E185 -> 5.71 | J24: =J173+J177+J181+J185 -> 10327.323 | K24: =J24+E24+D24+A24 -> 20172.957 | M24: 2015
A25: =A190+A194+A198+A202 -> 1891.1233 | D25: =D190+D194+D198+D202 -> 8694.1246 | E25: =E190+E194+E198+E202 -> 2.337 | J25: =J190+J194+J198+J202 -> 10149.986 | K25: =J25+E25+D25+A25 -> 20737.57 | M25: 2016
A26: =A207+A211+A215+A219 -> 2018.11 | D26: =D207+D211+D215+D219 -> 8375.2218 | E26: =E207+E211+E215+E219 -> 0.136 | J26: =J207+J211+J215+J219 -> 10112.283 | K26: =J26+E26+D26+A26 -> 20505.75 | M26: 2017
A27: =A224+A228+A232+A236 -> 2114.266 | D27: =D224+D228+D232+D236 -> 7702.5772 | E27: =E224+E228+E232+E236 -> 2.137 | J27: =J224+J228+J232+J236 -> 10414.278 | K27: =J27+E27+D27+A27 -> 20233.259 | M27: 2018
A28: =A241+A245+A249+A253 -> 1750.9701 | D28: =D241+D245+D249+D253 -> 7751.2784 | E28: =E241+E245+E249+E253 -> 0 | J28: =J241+J245+J249+J253 -> 10107.839 | K28: =J28+E28+D28+A28 -> 19610.087 | M28: 2019
A29: =A258+A262+A266+A270 -> 2075.403 | D29: =D258+D262+D266+D270 -> 7908.6101 | E29: =E258+E262+E266+E270 -> 0 | J29: =J258+J262+J266+J270 -> 9139.3927 | K29: =J29+E29+D29+A29 -> 19123.406 | M29: 2020
A30: =A275+A279+A283+A287 -> 1632.395 | B30: =B275+B279+B283+B287 -> 811.53341 | C30: =C275+C279+C283+C287 -> 48.8156 | D30: =D275+D279+D283+D287 -> 7367.4067 | E30: =E275+E279+E283+E287 -> 0 | F30: =F275+F279+F283+F287 -> 70.735 | G30: =G275+G279+G283+G287 -> 373.654 | H30: =H275+H279+H283+H287 -> 3312.6759 | ... K30: =K275+K279+K283+K287 -> 19140.295 | M30: 2021
A31: =A292+A296+A300+A304 -> 1546.947 | B31: =B292+B296+B300+B304 -> 857.39245 | C31: =C292+C296+C300+C304 -> 267.22116 | D31: =D292+D296+D300+D304 -> 6968.3797 | E31: =E292+E296+E300+E304 -> 0 | F31: =F292+F296+F300+F304 -> 1453.9682 | G31: =G292+G296+G300+G304 -> 443.477 | H31: =H292+H296+H300+H304 -> 3416.4816 | ... K31: =K292+K296+K300+K304 -> 19246.655 | M31: 2022
A32: =A309+A313+A317+A321 -> 1582.62 | B32: =B309+B313+B317+B321 -> 1050.7755 | C32: =C309+C313+C317+C321 -> 928.01199 | D32: =D309+D313+D317+D321 -> 6358.6659 | E32: =E309+E313+E317+E321 -> 0.391 | F32: =F309+F313+F317+F321 -> 3782.2932 | G32: =G309+G313+G317+G321 -> 430.073 | H32: =H309+H313+H317+H321 -> 2774.2081 | ... K32: =K309+K313+K317+K321 -> 19677.846 | M32: 2023
A33: =A326+A330+A334+A338 -> 643.38 | B33: =B326+B330+B334+B338 -> 692.03629 | C33: =C326+C330+C334+C338 -> 1680.5997 | D33: =D326+D330+D334+D338 -> 6957.4306 | E33: =E326+E330+E334+E338 -> 0.432816 | F33: =F326+F330+F334+F338 -> 2131.7059 | G33: =G326+G330+G334+G338 -> 362.805 | H33: =H326+H330+H334+H338 -> 2435.3731 | ... K33: =K326+K330+K334+K338 -> 17380.451 | M33: 2024
A34: =A343+A347+A348+A349 -> 320.219 | B34: =B343+B347+B348+B349 -> 526.4194 | C34: =C343+C347+C348+C349 -> 1216.4557 | D34: =D343+D347+D348+D349 -> 4633.9719 | E34: =E343+E347+E348+E349 -> 0 | F34: =F343+F347+F348+F349 -> 1447.4816 | G34: =G343+G347+G348+G349 -> 204.025 | H34: =H343+H347+H348+H349 -> 940.78286 | ... K34: =K343+K347+K348+K349 -> 11004.966 | L34: 01-08 | M34: 2025
A36: 600.768 | D36: 1459.112 | J36: 2044.352 | L36: 01-03 | M36: 2005
A37: 391.86 | D37: 1587.206 | J37: 2557.609 | L37: 04-06
A38: 651.862 | D38: 1193.714 | J38: 2357.055 | L38: 07-09
A39: 558.266 | D39: 1112.934 | J39: 2120.44 | L39: 10-12
A41: 253.335 | D41: 1170 | J41: 2221 | L41: 01-03 | M41: 2006
A42: 356 | D42: 1294 | J42: 2688 | L42: 04-06
A43: 378 | D43: 1603 | J43: 1744 | L43: 07-09
A44: 652 | D44: 1449 | J44: 2040 | L44: 10-12
A46: 514.163 | D46: 1397.712 | J46: 2213.626 | L46: 01-03 | M46: 2007
A47: 476.685 | D47: 1716.732 | J47: 2437.797 | L47: 04-06
A48: 689.682 | D48: 1376.47 | J48: 2194.466 | L48: 07-09
A49: 629.159 | D49: 1635.454 | J49: 2465.503 | L49: 10-12
A51: 243.434 | D51: 552.085 | J51: 849.133 | L51: 01 | M51: 2008
A52: 180.067 | D52: 589.774 | J52: 814.013 | L52: 02
A53: 245.086 | D53: 668.091 | J53: 989.751 | L53: 03
A54: =SUM(A51:A53) -> 668.587 | D54: =SUM(D51:D53) -> 1809.95 | J54: =SUM(J51:J53) -> 2652.897 | L54: 01-03 | M54: 2008
A55: 215.673 | D55: 551.872 | J55: 889.754 | L55: 04
A56: 203.736 | D56: 551.43 | J56: 964.635 | L56: 05
A57: 252.641 | D57: 637.76 | J57: 902.648 | L57: 06
A58: =SUM(A55:A57) -> 672.05 | D58: =SUM(D55:D57) -> 1741.062 | J58: =SUM(J55:J57) -> 2757.037 | L58: 04-06
A59: 191.592 | D59: 495.297 | J59: 934.728 | L59: 07
A60: 240.829 | D60: 495.729 | J60: 719.014 | L60: 08
A61: 203.18 | D61: 332.566 | J61: 538.813 | L61: 09
A62: =SUM(A59:A61) -> 635.601 | D62: =SUM(D59:D61) -> 1323.592 | J62: =SUM(J59:J61) -> 2192.555 | L62: 07-09
A63: 161.376 | D63: 369.488 | J63: 731.377 | L63: 10
A64: 138.233 | D64: 310.015 | J64: 781.468 | L64: 11
A65: 81.086 | D65: 250.185 | J65: 855.41 | L65: 12
A66: =SUM(A63:A65) -> 380.695 | D66: =SUM(D63:D65) -> 929.688 | J66: =SUM(J63:J65) -> 2368.255 | L66: 10-12
A68: =9.226+58.827 -> 68.053 | D68: 245.008 | E68: 0 | J68: 706.248 | L68: 01
A69: =4.905+26.25 -> 31.155 | D69: 263.633 | E69: 0 | J69: 637.234 | L69: 02
A70: =7.624+140.6 -> 148.224 | D70: 472.133 | E70: 0 | J70: 837.052 | L70: 03
A71: =SUM(A68:A70) -> 247.432 | D71: =SUM(D68:D70) -> 980.774 | E71: =SUM(E68:E70) -> 0 | J71: =SUM(J68:J70) -> 2180.534 | L71: 01-03 | M71: 2009
A72: =5.767+104.48 -> 110.247 | D72: 382.713 | E72: 19.502 | J72: 780.562 | L72: 04
A73: =107 -> 107 | D73: 464.734 | E73: 0 | J73: 846.887 | L73: 05
A74: =0.271+95.5 -> 95.771 | D74: 402.201 | E74: 0 | J74: 675.852 | L74: 06
A75: =SUM(A72:A74) -> 313.018 | D75: =SUM(D72:D74) -> 1249.648 | E75: 19.502 | J75: =SUM(J72:J74) -> 2303.301 | L75: 04-06
A76: =0.434+22.69 -> 23.124 | D76: 489.307 | E76: 0 | J76: 689.849 | L76: 07
A77: =0.058+228.499 -> 228.557 | D77: 471.542 | E77: 0 | J77: 774.837 | L77: 08
A78: =0.223+191.529 -> 191.752 | D78: 409.125 | E78: 0 | J78: 608.23 | L78: 09
A79: =SUM(A76:A78) -> 443.433 | D79: =SUM(D76:D78) -> 1369.974 | E79: =SUM(E76:E78) -> 0 | J79: =SUM(J76:J78) -> 2072.916 | L79: 07-09
A80: =1.31+185.417 -> 186.727 | D80: 403.898 | E80: 0 | J80: 831.969 | L80: 10
A81: 224.9 | D81: 406.541 | E81: 0 | J81: 688.773 | L81: 11
A82: 170.141 | D82: 507.179 | E82: 0 | J82: 798.095 | L82: 12
A83: =SUM(A80:A82) -> 581.768 | D83: =SUM(D80:D82) -> 1317.618 | E83: =SUM(E80:E82) -> 0 | J83: =SUM(J80:J82) -> 2318.837 | L83: 10-12
A85: 179.436 | D85: 563.89 | E85: 0 | J85: 706.601 | L85: 01 | M85: 2010
A86: 156.552 | D86: 644.156 | E86: 0 | J86: 728.471 | L86: 02
A87: 232.246 | D87: 726.473 | E87: 0 | J87: 924.849 | L87: 03
A88: =SUM(A85:A87) -> 568.234 | D88: =SUM(D85:D87) -> 1934.519 | E88: =SUM(E85:E87) -> 0 | J88: =SUM(J85:J87) -> 2359.921 | L88: 01-03 | M88: 2010
A89: 149.089 | D89: 651.434 | E89: 0 | J89: 956.08 | L89: 04
A90: 254.423 | D90: 723.332 | E90: 0 | J90: 911.489 | L90: 05
A91: 215.168 | D91: 588.331 | E91: 0 | J91: 977.345 | L91: 06
A92: =SUM(A89:A91) -> 618.68 | D92: =SUM(D89:D91) -> 1963.097 | E92: =SUM(E89:E91) -> 0 | J92: =SUM(J89:J91) -> 2844.914 | L92: 04-06
A93: 114.03 | D93: 520.128 | E93: 0 | J93: 915.81 | L93: 07
A94: 233.829 | D94: 549.074 | E94: 0 | J94: 870.195 | L94: 08
A95: 195.767 | D95: 475.853 | E95: 0 | J95: 763.344 | L95: 09
A96: =SUM(A93:A95) -> 543.626 | D96: =SUM(D93:D95) -> 1545.055 | E96: =SUM(E93:E95) -> 0 | J96: =SUM(J93:J95) -> 2549.349 | L96: 07-09
A97: 221.956 | D97: 584.945 | E97: 0 | J97: 693.6377 | L97: 10
A98: 212.433 | D98: 663.151 | E98: 0 | J98: 657.3359 | L98: 11
A99: 89.808 | D99: 617.094 | E99: 9.237 | J99: 592.2893 | L99: 12
A100: =SUM(A97:A99) -> 524.197 | D100: =SUM(D97:D99) -> 1865.19 | E100: =SUM(E97:E99) -> 9.237 | J100: =SUM(J97:J99) -> 1943.2629 | L100: 10-12
A102: 106.277 | D102: 515.7066 | E102: 0 | J102: 622.3659 | L102: 01 | M102: 2011
A103: 91.182 | D103: 520.1594 | E103: 1.322 | J103: 766.8445 | L103: 02
A104: 215.322 | D104: 916.233 | E104: 0.026 | J104: 966.0413 | L104: 03
A105: =SUM(A102:A104) -> 412.781 | D105: =SUM(D102:D104) -> 1952.099 | E105: =SUM(E102:E104) -> 1.348 | J105: =SUM(J102:J104) -> 2355.2517 | L105: 01-03 | M105: 2011
A106: 130.29 | D106: 658.5041 | E106: 0 | J106: 909.0646 | L106: 04
A107: 183.327 | D107: 653.6147 | E107: 0 | J107: 862.1343 | L107: 05
...

Sheet התפלגות תאגידים H1-2025 
